magic,pos_id,session,symbol,direction,volume,open_time_utc,open_hour_utc,close_time_utc,open_price,close_price,profit,dst_state,ny_intended_setting
28260322.0,956293438,LONDON,XAUUSD+,BUY,0.05,2026-03-10 11:07:00,11,2026-03-10 11:07:13,5176.19,5176.7,2.55,US_EDT_Only,17-21
28260322.0,956369048,LONDON,XAUUSD+,BUY,0.05,2026-03-10 11:23:00,11,2026-03-10 11:23:08,5176.54,5177.1,2.8,US_EDT_Only,17-21
28260332.0,956369049,LONDON,XAUUSD+,BUY,0.05,2026-03-10 11:23:00,11,2026-03-10 11:23:08,5176.54,5177.1,2.8,US_EDT_Only,17-21
28260322.0,956396293,LONDON,XAUUSD+,SELL,0.05,2026-03-10 11:30:00,11,2026-03-10 11:30:20,5184.05,5183.32,3.65,US_EDT_Only,17-21
28260332.0,956396295,LONDON,XAUUSD+,SELL,0.05,2026-03-10 11:30:00,11,2026-03-10 11:30:21,5184.05,5183.32,3.65,US_EDT_Only,17-21
28260322.0,956547064,LONDON,XAUUSD+,BUY,0.05,2026-03-10 11:57:00,11,2026-03-10 11:57:28,5185.86,5186.43,2.85,US_EDT_Only,17-21
28260332.0,956551592,LONDON,XAUUSD+,BUY,0.05,2026-03-10 11:58:00,11,2026-03-10 11:58:09,5183.83,5184.83,5.0,US_EDT_Only,17-21
28260304.0,956808667,UNKNOWN,XAUUSD+,BUY,0.01,2026-03-10 13:02:00,13,2026-03-10 13:02:00,5179.67,5179.84,0.17,US_EDT_Only,17-21
28260303.0,956808669,NY,XAUUSD+,BUY,0.01,2026-03-10 13:02:00,13,2026-03-10 13:02:00,5179.67,5179.84,0.17,US_EDT_Only,17-21
28260304.0,956808937,UNKNOWN,XAUUSD+,BUY,0.01,2026-03-10 13:02:00,13,2026-03-10 13:02:01,5180.21,5180.21,0.0,US_EDT_Only,17-21
28260303.0,956808939,NY,XAUUSD+,BUY,0.01,2026-03-10 13:02:00,13,2026-03-10 13:02:54,5180.21,5180.39,0.18,US_EDT_Only,17-21
28260304.0,956809229,UNKNOWN,XAUUSD+,BUY,0.01,2026-03-10 13:02:01,13,2026-03-10 13:02:34,5180.42,5179.32,-1.1,US_EDT_Only,17-21
28260304.0,956810985,UNKNOWN,XAUUSD+,BUY,0.01,2026-03-10 13:02:34,13,2026-03-10 13:02:48,5179.34,5179.52,0.18,US_EDT_Only,17-21
28260304.0,956812473,UNKNOWN,XAUUSD+,BUY,0.01,2026-03-10 13:02:48,13,2026-03-10 13:02:50,5179.64,5179.73,0.09,US_EDT_Only,17-21
28260304.0,956812588,UNKNOWN,XAUUSD+,BUY,0.01,2026-03-10 13:02:50,13,2026-03-10 13:02:51,5179.9,5180.01,0.11,US_EDT_Only,17-21
28260304.0,956812695,UNKNOWN,XAUUSD+,BUY,0.01,2026-03-10 13:02:51,13,2026-03-10 13:02:54,5180.12,5180.39,0.27,US_EDT_Only,17-21
28260304.0,956812878,UNKNOWN,XAUUSD+,BUY,0.01,2026-03-10 13:02:54,13,2026-03-10 13:03:00,5180.51,5180.9,0.39,US_EDT_Only,17-21
28260303.0,956812879,NY,XAUUSD+,BUY,0.01,2026-03-10 13:02:54,13,2026-03-10 13:03:00,5180.51,5180.9,0.39,US_EDT_Only,17-21
28260304.0,957203326,UNKNOWN,XAUUSD+,SELL,0.01,2026-03-10 14:06:00,14,2026-03-10 14:06:02,5187.06,5186.61,0.45,US_EDT_Only,17-21
28260303.0,957203328,NY,XAUUSD+,SELL,0.01,2026-03-10 14:06:00,14,2026-03-10 14:06:02,5187.06,5186.61,0.45,US_EDT_Only,17-21
28260304.0,957204573,UNKNOWN,XAUUSD+,SELL,0.01,2026-03-10 14:06:02,14,2026-03-10 14:06:03,5186.43,5186.41,0.02,US_EDT_Only,17-21
28260304.0,957204237,UNKNOWN,XAUUSD+,SELL,0.01,2026-03-10 14:06:02,14,2026-03-10 14:06:02,5186.56,5186.54,0.02,US_EDT_Only,17-21
28260303.0,957204240,NY,XAUUSD+,SELL,0.01,2026-03-10 14:06:02,14,2026-03-10 14:06:03,5186.56,5186.41,0.15,US_EDT_Only,17-21
28260303.0,957204648,NY,XAUUSD+,SELL,0.01,2026-03-10 14:06:03,14,2026-03-10 14:06:04,5186.29,5185.62,0.67,US_EDT_Only,17-21
28260304.0,957204651,UNKNOWN,XAUUSD+,SELL,0.01,2026-03-10 14:06:03,14,2026-03-10 14:06:04,5186.29,5186.45,-0.16,US_EDT_Only,17-21
28260303.0,957205113,NY,XAUUSD+,SELL,0.01,2026-03-10 14:06:04,14,2026-03-10 14:06:19,5185.64,5185.21,0.43,US_EDT_Only,17-21
28260304.0,957204892,UNKNOWN,XAUUSD+,SELL,0.01,2026-03-10 14:06:04,14,2026-03-10 14:06:04,5186.11,5185.62,0.49,US_EDT_Only,17-21
28260304.0,957205111,UNKNOWN,XAUUSD+,SELL,0.01,2026-03-10 14:06:04,14,2026-03-10 14:06:19,5185.64,5185.21,0.43,US_EDT_Only,17-21
28260304.0,957206947,UNKNOWN,XAUUSD+,SELL,0.01,2026-03-10 14:06:19,14,2026-03-10 14:06:21,5185.1,5185.02,0.08,US_EDT_Only,17-21
28260303.0,957206951,NY,XAUUSD+,SELL,0.01,2026-03-10 14:06:19,14,2026-03-10 14:06:58,5185.1,5187.21,-2.11,US_EDT_Only,17-21
28260304.0,957207175,UNKNOWN,XAUUSD+,SELL,0.01,2026-03-10 14:06:21,14,2026-03-10 14:06:32,5184.85,5186.02,-1.17,US_EDT_Only,17-21
28260304.0,957208300,UNKNOWN,XAUUSD+,SELL,0.01,2026-03-10 14:06:32,14,2026-03-10 14:06:35,5185.91,5185.87,0.04,US_EDT_Only,17-21
28260304.0,957208575,UNKNOWN,XAUUSD+,SELL,0.01,2026-03-10 14:06:35,14,2026-03-10 14:06:37,5185.75,5185.75,0.0,US_EDT_Only,17-21
28260304.0,957208695,UNKNOWN,XAUUSD+,SELL,0.01,2026-03-10 14:06:37,14,2026-03-10 14:06:45,5185.65,5185.36,0.29,US_EDT_Only,17-21
28260304.0,957209167,UNKNOWN,XAUUSD+,SELL,0.01,2026-03-10 14:06:45,14,2026-03-10 14:06:46,5185.25,5186.36,-1.11,US_EDT_Only,17-21
28260304.0,957209352,UNKNOWN,XAUUSD+,SELL,0.01,2026-03-10 14:06:46,14,2026-03-10 14:06:49,5186.29,5185.85,0.44,US_EDT_Only,17-21
28260304.0,957209676,UNKNOWN,XAUUSD+,SELL,0.01,2026-03-10 14:06:49,14,2026-03-10 14:06:56,5185.86,5186.97,-1.11,US_EDT_Only,17-21
28260304.0,957210240,UNKNOWN,XAUUSD+,SELL,0.01,2026-03-10 14:06:56,14,2026-03-10 14:07:08,5186.86,5186.39,0.47,US_EDT_Only,17-21
28260303.0,957210411,NY,XAUUSD+,SELL,0.01,2026-03-10 14:06:58,14,2026-03-10 14:07:08,5187.17,5186.69,0.48,US_EDT_Only,17-21
28260305.0,957361327,UNKNOWN,XAUUSD+,BUY,0.01,2026-03-10 14:33:00,14,2026-03-10 14:33:13,5177.87,5178.24,0.37,US_EDT_Only,17-21
28260305.0,957362119,UNKNOWN,XAUUSD+,BUY,0.01,2026-03-10 14:33:13,14,2026-03-10 14:33:25,5178.65,5178.85,0.2,US_EDT_Only,17-21
28260305.0,957362742,UNKNOWN,XAUUSD+,BUY,0.01,2026-03-10 14:33:25,14,2026-03-10 14:33:29,5178.85,5178.76,-0.09,US_EDT_Only,17-21
28260305.0,957363014,UNKNOWN,XAUUSD+,BUY,0.01,2026-03-10 14:33:29,14,2026-03-10 14:33:34,5178.84,5179.2,0.36,US_EDT_Only,17-21
28260305.0,957363326,UNKNOWN,XAUUSD+,BUY,0.01,2026-03-10 14:33:35,14,2026-03-10 14:33:44,5179.42,5179.76,0.34,US_EDT_Only,17-21
28260305.0,957363966,UNKNOWN,XAUUSD+,BUY,0.01,2026-03-10 14:33:44,14,2026-03-10 14:33:48,5179.88,5180.34,0.46,US_EDT_Only,17-21
28260305.0,957364564,UNKNOWN,XAUUSD+,BUY,0.01,2026-03-10 14:33:48,14,2026-03-10 14:34:27,5180.35,5180.19,-0.16,US_EDT_Only,17-21
28260303.0,957423172,NY,XAUUSD+,BUY,0.01,2026-03-10 14:45:00,14,2026-03-10 14:46:10,5174.47,5172.36,-2.11,US_EDT_Only,17-21
28260305.0,957642986,NY,XAUUSD+,SELL,0.01,2026-03-10 15:24:00,15,2026-03-10 15:24:19,5175.68,5175.37,0.31,US_EDT_Only,17-21
28260305.0,957643908,NY,XAUUSD+,SELL,0.01,2026-03-10 15:24:19,15,2026-03-10 15:24:30,5175.26,5175.11,0.15,US_EDT_Only,17-21
28260305.0,957644326,NY,XAUUSD+,SELL,0.01,2026-03-10 15:24:30,15,2026-03-10 15:25:01,5175.0,5177.12,-2.12,US_EDT_Only,17-21
28260303.0,957678998,NY,XAUUSD+,SELL,0.01,2026-03-10 15:31:00,15,2026-03-10 15:31:02,5180.61,5180.47,0.14,US_EDT_Only,17-21
28260303.0,957679363,NY,XAUUSD+,SELL,0.01,2026-03-10 15:31:02,15,2026-03-10 15:31:10,5180.45,5180.18,0.27,US_EDT_Only,17-21
28260303.0,957679781,NY,XAUUSD+,SELL,0.01,2026-03-10 15:31:10,15,2026-03-10 15:31:21,5180.08,5179.75,0.33,US_EDT_Only,17-21
28260303.0,957680270,NY,XAUUSD+,SELL,0.01,2026-03-10 15:31:21,15,2026-03-10 15:32:29,5179.3,5179.02,0.28,US_EDT_Only,17-21
28260303.0,957680193,NY,XAUUSD+,SELL,0.01,2026-03-10 15:31:21,15,2026-03-10 15:31:21,5179.68,5179.4,0.28,US_EDT_Only,17-21
28260305.0,958273951,NY,XAUUSD+,BUY,0.01,2026-03-10 16:47:00,16,2026-03-10 16:47:00,5197.68,5198.35,0.67,US_EDT_Only,17-21
28260305.0,958274283,NY,XAUUSD+,BUY,0.01,2026-03-10 16:47:00,16,2026-03-10 16:47:01,5198.46,5199.03,0.57,US_EDT_Only,17-21
28260305.0,958274754,NY,XAUUSD+,BUY,0.01,2026-03-10 16:47:01,16,2026-03-10 16:47:03,5199.2,5199.9,0.7,US_EDT_Only,17-21
28260305.0,958275413,NY,XAUUSD+,BUY,0.01,2026-03-10 16:47:03,16,2026-03-10 16:47:08,5200.05,5200.14,0.09,US_EDT_Only,17-21
28260305.0,958276559,NY,XAUUSD+,BUY,0.01,2026-03-10 16:47:08,16,2026-03-10 16:47:13,5200.24,5200.78,0.54,US_EDT_Only,17-21
28260305.0,958277253,NY,XAUUSD+,BUY,0.01,2026-03-10 16:47:13,16,2026-03-10 16:47:15,5200.9,5201.16,0.26,US_EDT_Only,17-21
28260305.0,958277738,NY,XAUUSD+,BUY,0.01,2026-03-10 16:47:15,16,2026-03-10 16:47:20,5201.38,5201.76,0.38,US_EDT_Only,17-21
28260305.0,958278533,NY,XAUUSD+,BUY,0.01,2026-03-10 16:47:20,16,2026-03-10 16:47:22,5201.77,5202.32,0.55,US_EDT_Only,17-21
28260305.0,958279143,NY,XAUUSD+,BUY,0.01,2026-03-10 16:47:22,16,2026-03-10 16:47:25,5202.62,5203.24,0.62,US_EDT_Only,17-21
28260305.0,958279971,NY,XAUUSD+,BUY,0.01,2026-03-10 16:47:25,16,2026-03-10 16:47:29,5203.46,5203.41,-0.05,US_EDT_Only,17-21
28260305.0,958280849,NY,XAUUSD+,BUY,0.01,2026-03-10 16:47:29,16,2026-03-10 16:47:29,5203.46,5203.76,0.3,US_EDT_Only,17-21
28260305.0,958280976,NY,XAUUSD+,BUY,0.01,2026-03-10 16:47:29,16,2026-03-10 16:47:37,5203.89,5201.79,-2.1,US_EDT_Only,17-21
28260305.0,958282385,NY,XAUUSD+,BUY,0.01,2026-03-10 16:47:38,16,2026-03-10 16:47:49,5201.38,5199.26,-2.12,US_EDT_Only,17-21
28260305.0,958284225,NY,XAUUSD+,BUY,0.01,2026-03-10 16:47:49,16,2026-03-10 16:47:57,5199.34,5199.7,0.36,US_EDT_Only,17-21
28260305.0,958285963,NY,XAUUSD+,BUY,0.01,2026-03-10 16:47:57,16,2026-03-10 16:48:16,5199.9,5200.4,0.5,US_EDT_Only,17-21
28260305.0,958352047,NY,XAUUSD+,SELL,0.01,2026-03-10 16:56:00,16,2026-03-10 16:56:31,5212.09,5214.22,-2.13,US_EDT_Only,17-21
28260305.0,958357852,NY,XAUUSD+,SELL,0.01,2026-03-10 16:56:31,16,2026-03-10 16:56:33,5214.08,5213.9,0.18,US_EDT_Only,17-21
28260305.0,958358185,NY,XAUUSD+,SELL,0.01,2026-03-10 16:56:33,16,2026-03-10 16:58:25,5213.81,5213.33,0.48,US_EDT_Only,17-21
28260333.0,958399685,NY,XAUUSD+,BUY,0.05,2026-03-10 17:01:00,17,2026-03-10 17:01:38,5204.13,5204.59,2.3,US_EDT_Only,17-21
28260323.0,958399686,NY,XAUUSD+,BUY,0.05,2026-03-10 17:01:00,17,2026-03-10 17:01:38,5204.13,5204.59,2.3,US_EDT_Only,17-21
28260305.0,958417935,NY,XAUUSD+,BUY,0.01,2026-03-10 17:03:00,17,2026-03-10 17:03:01,5202.91,5202.89,-0.02,US_EDT_Only,17-21
28260313.0,958417936,NY,XAUUSD+,BUY,0.05,2026-03-10 17:03:00,17,2026-03-10 17:03:12,5202.91,5203.9,4.95,US_EDT_Only,17-21
28260305.0,958418272,NY,XAUUSD+,BUY,0.01,2026-03-10 17:03:01,17,2026-03-10 17:03:11,5203.08,5203.61,0.53,US_EDT_Only,17-21
28260305.0,958419510,NY,XAUUSD+,BUY,0.01,2026-03-10 17:03:11,17,2026-03-10 17:03:12,5203.87,5204.06,0.19,US_EDT_Only,17-21
28260305.0,958419784,NY,XAUUSD+,BUY,0.01,2026-03-10 17:03:13,17,2026-03-10 17:03:19,5204.03,5204.69,0.66,US_EDT_Only,17-21
28260305.0,958420607,NY,XAUUSD+,BUY,0.01,2026-03-10 17:03:20,17,2026-03-10 17:03:23,5205.28,5205.75,0.47,US_EDT_Only,17-21
28260305.0,958420340,NY,XAUUSD+,BUY,0.01,2026-03-10 17:03:20,17,2026-03-10 17:03:20,5204.96,5205.12,0.16,US_EDT_Only,17-21
28260305.0,958421077,NY,XAUUSD+,BUY,0.01,2026-03-10 17:03:23,17,2026-03-10 17:03:31,5205.81,5206.31,0.5,US_EDT_Only,17-21
28260305.0,958421963,NY,XAUUSD+,BUY,0.01,2026-03-10 17:03:31,17,2026-03-10 17:03:31,5206.52,5206.99,0.47,US_EDT_Only,17-21
28260305.0,958422148,NY,XAUUSD+,BUY,0.01,2026-03-10 17:03:32,17,2026-03-10 17:03:46,5207.07,5207.54,0.47,US_EDT_Only,17-21
28260305.0,958423782,NY,XAUUSD+,BUY,0.01,2026-03-10 17:03:46,17,2026-03-10 17:03:48,5207.65,5207.52,-0.13,US_EDT_Only,17-21
28260305.0,958424020,NY,XAUUSD+,BUY,0.01,2026-03-10 17:03:48,17,2026-03-10 17:03:53,5207.65,5205.51,-2.14,US_EDT_Only,17-21
28260305.0,958424593,NY,XAUUSD+,BUY,0.01,2026-03-10 17:03:53,17,2026-03-10 17:03:53,5205.58,5206.23,0.65,US_EDT_Only,17-21
28260305.0,958424756,NY,XAUUSD+,BUY,0.01,2026-03-10 17:03:54,17,2026-03-10 17:03:55,5206.51,5206.55,0.04,US_EDT_Only,17-21
28260305.0,958424897,NY,XAUUSD+,BUY,0.01,2026-03-10 17:03:55,17,2026-03-10 17:04:06,5206.68,5204.57,-2.11,US_EDT_Only,17-21
28260303.0,958507560,NY,XAUUSD+,BUY,0.01,2026-03-10 17:11:00,17,2026-03-10 17:11:03,5186.23,5186.94,0.71,US_EDT_Only,17-21
28260303.0,958509396,NY,XAUUSD+,BUY,0.01,2026-03-10 17:11:03,17,2026-03-10 17:11:10,5187.12,5187.39,0.27,US_EDT_Only,17-21
28260303.0,958511422,NY,XAUUSD+,BUY,0.01,2026-03-10 17:11:10,17,2026-03-10 17:11:11,5187.69,5188.33,0.64,US_EDT_Only,17-21
28260303.0,958511650,NY,XAUUSD+,BUY,0.01,2026-03-10 17:11:11,17,2026-03-10 17:11:12,5188.49,5188.64,0.15,US_EDT_Only,17-21
28260303.0,958512238,NY,XAUUSD+,BUY,0.01,2026-03-10 17:11:13,17,2026-03-10 17:11:14,5188.79,5188.94,0.15,US_EDT_Only,17-21
28260303.0,958512886,NY,XAUUSD+,BUY,0.01,2026-03-10 17:11:14,17,2026-03-10 17:11:31,5188.9,5189.11,0.21,US_EDT_Only,17-21
28260303.0,958515829,NY,XAUUSD+,BUY,0.01,2026-03-10 17:11:31,17,2026-03-10 17:11:33,5189.22,5189.96,0.74,US_EDT_Only,17-21
28260303.0,958516306,NY,XAUUSD+,BUY,0.01,2026-03-10 17:11:33,17,2026-03-10 17:11:35,5190.15,5190.86,0.71,US_EDT_Only,17-21
28260303.0,958517058,NY,XAUUSD+,BUY,0.01,2026-03-10 17:11:35,17,2026-03-10 17:11:36,5191.01,5188.9,-2.11,US_EDT_Only,17-21
28260303.0,958517335,NY,XAUUSD+,BUY,0.01,2026-03-10 17:11:36,17,2026-03-10 17:11:42,5187.42,5188.09,0.67,US_EDT_Only,17-21
28260303.0,958518681,NY,XAUUSD+,BUY,0.01,2026-03-10 17:11:42,17,2026-03-10 17:11:42,5188.24,5188.98,0.74,US_EDT_Only,17-21
28260303.0,958518865,NY,XAUUSD+,BUY,0.01,2026-03-10 17:11:42,17,2026-03-10 17:11:54,5189.19,5189.57,0.38,US_EDT_Only,17-21
28260303.0,958520538,NY,XAUUSD+,BUY,0.01,2026-03-10 17:11:54,17,2026-03-10 17:12:07,5189.7,5190.37,0.67,US_EDT_Only,17-21
28260323.0,958575148,NY,XAUUSD+,SELL,0.05,2026-03-10 17:17:00,17,2026-03-10 17:17:04,5210.65,5210.12,2.65,US_EDT_Only,17-21
28260333.0,958589933,NY,XAUUSD+,SELL,0.05,2026-03-10 17:19:00,17,2026-03-10 17:19:12,5208.55,5207.58,4.85,US_EDT_Only,17-21
28260303.0,958598289,NY,XAUUSD+,SELL,0.01,2026-03-10 17:20:00,17,2026-03-10 17:20:01,5212.44,5211.61,0.83,US_EDT_Only,17-21
28260313.0,958598291,NY,XAUUSD+,SELL,0.05,2026-03-10 17:20:00,17,2026-03-10 17:20:02,5212.44,5211.75,3.45,US_EDT_Only,17-21
28260305.0,958598287,NY,XAUUSD+,SELL,0.01,2026-03-10 17:20:00,17,2026-03-10 17:20:01,5212.44,5211.61,0.83,US_EDT_Only,17-21
28260303.0,958599321,NY,XAUUSD+,SELL,0.01,2026-03-10 17:20:01,17,2026-03-10 17:20:14,5211.54,5211.34,0.2,US_EDT_Only,17-21
28260305.0,958599319,NY,XAUUSD+,SELL,0.01,2026-03-10 17:20:01,17,2026-03-10 17:20:14,5211.54,5211.34,0.2,US_EDT_Only,17-21
28260303.0,958601247,NY,XAUUSD+,SELL,0.01,2026-03-10 17:20:14,17,2026-03-10 17:20:15,5211.2,5211.0,0.2,US_EDT_Only,17-21
28260305.0,958601244,NY,XAUUSD+,SELL,0.01,2026-03-10 17:20:14,17,2026-03-10 17:20:15,5211.2,5211.0,0.2,US_EDT_Only,17-21
28260305.0,958601512,NY,XAUUSD+,SELL,0.01,2026-03-10 17:20:15,17,2026-03-10 17:20:21,5211.27,5210.89,0.38,US_EDT_Only,17-21
28260303.0,958601514,NY,XAUUSD+,SELL,0.01,2026-03-10 17:20:15,17,2026-03-10 17:20:21,5211.27,5210.89,0.38,US_EDT_Only,17-21
28260305.0,958601991,NY,XAUUSD+,SELL,0.01,2026-03-10 17:20:21,17,2026-03-10 17:20:29,5211.09,5210.69,0.4,US_EDT_Only,17-21
28260303.0,958601993,NY,XAUUSD+,SELL,0.01,2026-03-10 17:20:21,17,2026-03-10 17:20:29,5211.09,5210.69,0.4,US_EDT_Only,17-21
28260303.0,958602788,NY,XAUUSD+,SELL,0.01,2026-03-10 17:20:29,17,2026-03-10 17:20:41,5210.92,5210.77,0.15,US_EDT_Only,17-21
28260305.0,958602787,NY,XAUUSD+,SELL,0.01,2026-03-10 17:20:29,17,2026-03-10 17:20:41,5210.92,5210.77,0.15,US_EDT_Only,17-21
28260305.0,958603899,NY,XAUUSD+,SELL,0.01,2026-03-10 17:20:41,17,2026-03-10 17:20:47,5210.57,5212.68,-2.11,US_EDT_Only,17-21
28260303.0,958603900,NY,XAUUSD+,SELL,0.01,2026-03-10 17:20:41,17,2026-03-10 17:20:47,5210.57,5212.68,-2.11,US_EDT_Only,17-21
28260303.0,958604695,NY,XAUUSD+,SELL,0.01,2026-03-10 17:20:47,17,2026-03-10 17:21:07,5212.98,5212.85,0.13,US_EDT_Only,17-21
28260305.0,958604693,NY,XAUUSD+,SELL,0.01,2026-03-10 17:20:47,17,2026-03-10 17:21:07,5212.98,5212.85,0.13,US_EDT_Only,17-21
28260323.0,958697528,NY,XAUUSD+,BUY,0.05,2026-03-10 17:37:00,17,2026-03-10 17:37:02,5203.1,5203.79,3.45,US_EDT_Only,17-21
28260323.0,958736329,NY,XAUUSD+,BUY,0.05,2026-03-10 17:43:00,17,2026-03-10 17:43:44,5206.96,5207.72,3.8,US_EDT_Only,17-21
28260333.0,958750532,NY,XAUUSD+,BUY,0.05,2026-03-10 17:45:00,17,2026-03-10 17:45:01,5206.23,5207.07,4.2,US_EDT_Only,17-21
28260323.0,958762841,NY,XAUUSD+,SELL,0.05,2026-03-10 17:47:00,17,2026-03-10 17:47:54,5208.17,5207.67,2.5,US_EDT_Only,17-21
28260333.0,958778745,NY,XAUUSD+,BUY,0.05,2026-03-10 17:50:00,17,2026-03-10 17:50:28,5207.1,5207.98,4.4,US_EDT_Only,17-21
28260323.0,958786137,NY,XAUUSD+,SELL,0.05,2026-03-10 17:51:00,17,2026-03-10 17:51:17,5210.16,5209.68,2.4,US_EDT_Only,17-21
28260323.0,958842404,NY,XAUUSD+,BUY,0.05,2026-03-10 18:01:00,18,2026-03-10 18:01:05,5208.84,5209.45,3.05,US_EDT_Only,17-21
28260323.0,959204138,NY,XAUUSD+,BUY,0.05,2026-03-10 18:53:00,18,2026-03-10 18:53:06,5228.96,5229.67,3.55,US_EDT_Only,17-21
28260333.0,959214119,NY,XAUUSD+,BUY,0.05,2026-03-10 18:55:00,18,2026-03-10 18:55:33,5228.15,5228.83,3.4,US_EDT_Only,17-21
28260305.0,959261750,NY,XAUUSD+,BUY,0.01,2026-03-10 19:05:00,19,2026-03-10 19:05:08,5227.14,5227.42,0.28,US_EDT_Only,17-21
28260305.0,959261424,NY,XAUUSD+,BUY,0.01,2026-03-10 19:05:00,19,2026-03-10 19:05:00,5226.72,5227.01,0.29,US_EDT_Only,17-21
28260313.0,959261425,NY,XAUUSD+,BUY,0.05,2026-03-10 19:05:00,19,2026-03-10 19:05:08,5226.72,5227.29,2.85,US_EDT_Only,17-21
28260305.0,959262485,NY,XAUUSD+,BUY,0.01,2026-03-10 19:05:08,19,2026-03-10 19:05:09,5227.54,5227.67,0.13,US_EDT_Only,17-21
28260305.0,959262666,NY,XAUUSD+,BUY,0.01,2026-03-10 19:05:09,19,2026-03-10 19:05:17,5227.81,5228.1,0.29,US_EDT_Only,17-21
28260305.0,959263200,NY,XAUUSD+,BUY,0.01,2026-03-10 19:05:17,19,2026-03-10 19:05:18,5228.26,5228.53,0.27,US_EDT_Only,17-21
28260305.0,959263438,NY,XAUUSD+,BUY,0.01,2026-03-10 19:05:19,19,2026-03-10 19:05:50,5228.61,5226.5,-2.11,US_EDT_Only,17-21
28260305.0,959266056,NY,XAUUSD+,BUY,0.01,2026-03-10 19:05:50,19,2026-03-10 19:06:52,5226.38,5226.83,0.45,US_EDT_Only,17-21
28260323.0,959327601,NY,XAUUSD+,SELL,0.05,2026-03-10 19:19:00,19,2026-03-10 19:19:28,5229.99,5229.39,3.0,US_EDT_Only,17-21
28260333.0,959341836,NY,XAUUSD+,SELL,0.05,2026-03-10 19:22:00,19,2026-03-10 19:22:48,5229.71,5229.19,2.6,US_EDT_Only,17-21
28260313.0,959341837,NY,XAUUSD+,SELL,0.05,2026-03-10 19:22:00,19,2026-03-10 19:22:48,5229.71,5229.19,2.6,US_EDT_Only,17-21
28260305.0,959341835,NY,XAUUSD+,SELL,0.01,2026-03-10 19:22:00,19,2026-03-10 19:22:47,5229.71,5229.27,0.44,US_EDT_Only,17-21
28260305.0,959345917,NY,XAUUSD+,SELL,0.01,2026-03-10 19:22:48,19,2026-03-10 19:23:21,5229.14,5231.24,-2.1,US_EDT_Only,17-21
28260323.0,959442338,NY,XAUUSD+,BUY,0.05,2026-03-10 19:43:00,19,2026-03-10 19:44:03,5229.18,5229.57,1.95,US_EDT_Only,17-21
28260333.0,959448801,NY,XAUUSD+,BUY,0.05,2026-03-10 19:44:00,19,2026-03-10 19:45:38,5229.53,5229.99,2.3,US_EDT_Only,17-21
28260305.0,959477398,NY,XAUUSD+,BUY,0.01,2026-03-10 19:50:00,19,2026-03-10 19:50:01,5227.83,5228.05,0.22,US_EDT_Only,17-21
28260313.0,959477399,NY,XAUUSD+,BUY,0.05,2026-03-10 19:50:00,19,2026-03-10 19:50:03,5227.83,5228.24,2.05,US_EDT_Only,17-21
28260305.0,959477935,NY,XAUUSD+,BUY,0.01,2026-03-10 19:50:01,19,2026-03-10 19:50:03,5228.11,5228.39,0.28,US_EDT_Only,17-21
28260305.0,959478229,NY,XAUUSD+,BUY,0.01,2026-03-10 19:50:03,19,2026-03-10 19:50:59,5228.52,5226.41,-2.11,US_EDT_Only,17-21
28260305.0,959482987,NY,XAUUSD+,BUY,0.01,2026-03-10 19:50:59,19,2026-03-10 19:51:01,5226.23,5226.47,0.24,US_EDT_Only,17-21
28260323.0,959542593,NY,XAUUSD+,SELL,0.05,2026-03-10 20:06:00,20,2026-03-10 20:07:10,5230.42,5229.92,2.5,US_EDT_Only,17-21
28260305.0,959547714,NY,XAUUSD+,SELL,0.01,2026-03-10 20:07:00,20,2026-03-10 20:07:00,5231.9,5231.74,0.16,US_EDT_Only,17-21
28260333.0,959547715,NY,XAUUSD+,SELL,0.05,2026-03-10 20:07:00,20,2026-03-10 20:07:00,5231.9,5231.5,2.0,US_EDT_Only,17-21
28260313.0,959547716,NY,XAUUSD+,SELL,0.05,2026-03-10 20:07:00,20,2026-03-10 20:07:00,5231.9,5231.5,2.0,US_EDT_Only,17-21
28260305.0,959547950,NY,XAUUSD+,SELL,0.01,2026-03-10 20:07:00,20,2026-03-10 20:07:01,5231.62,5231.36,0.26,US_EDT_Only,17-21
28260305.0,959548160,NY,XAUUSD+,SELL,0.01,2026-03-10 20:07:01,20,2026-03-10 20:07:04,5231.22,5230.8,0.42,US_EDT_Only,17-21
28260305.0,959548539,NY,XAUUSD+,SELL,0.01,2026-03-10 20:07:04,20,2026-03-10 20:07:06,5230.68,5230.52,0.16,US_EDT_Only,17-21
28260305.0,959548803,NY,XAUUSD+,SELL,0.01,2026-03-10 20:07:06,20,2026-03-10 20:07:10,5230.41,5230.17,0.24,US_EDT_Only,17-21
28260305.0,959549301,NY,XAUUSD+,SELL,0.01,2026-03-10 20:07:10,20,2026-03-10 20:07:58,5229.82,5231.93,-2.11,US_EDT_Only,17-21
28260305.0,959552819,NY,XAUUSD+,SELL,0.01,2026-03-10 20:07:58,20,2026-03-10 20:09:36,5231.84,5231.63,0.21,US_EDT_Only,17-21
28260323.0,959612939,NY,XAUUSD+,BUY,0.05,2026-03-10 20:18:00,20,2026-03-10 20:18:05,5227.47,5227.96,2.45,US_EDT_Only,17-21
28260333.0,959621940,NY,XAUUSD+,BUY,0.05,2026-03-10 20:19:00,20,2026-03-10 20:19:58,5225.68,5226.33,3.25,US_EDT_Only,17-21
28260313.0,959621943,NY,XAUUSD+,BUY,0.05,2026-03-10 20:19:00,20,2026-03-10 20:19:58,5225.68,5226.33,3.25,US_EDT_Only,17-21
28260305.0,959621944,NY,XAUUSD+,BUY,0.01,2026-03-10 20:19:00,20,2026-03-10 20:19:56,5225.68,5226.0,0.32,US_EDT_Only,17-21
28260305.0,959628538,NY,XAUUSD+,BUY,0.01,2026-03-10 20:19:56,20,2026-03-10 20:19:58,5226.16,5226.55,0.39,US_EDT_Only,17-21
28260305.0,959628744,NY,XAUUSD+,BUY,0.01,2026-03-10 20:19:58,20,2026-03-10 20:19:59,5226.75,5227.01,0.26,US_EDT_Only,17-21
28260305.0,959629094,NY,XAUUSD+,BUY,0.01,2026-03-10 20:19:59,20,2026-03-10 20:20:42,5227.07,5227.35,0.28,US_EDT_Only,17-21
28260303.0,959659815,NY,XAUUSD+,BUY,0.01,2026-03-10 20:26:00,20,2026-03-10 20:26:11,5227.86,5228.17,0.31,US_EDT_Only,17-21
28260303.0,959661102,NY,XAUUSD+,BUY,0.01,2026-03-10 20:26:11,20,2026-03-10 20:26:12,5228.31,5228.78,0.47,US_EDT_Only,17-21
28260303.0,959661203,NY,XAUUSD+,BUY,0.01,2026-03-10 20:26:12,20,2026-03-10 20:26:18,5228.98,5229.42,0.44,US_EDT_Only,17-21
28260303.0,959661950,NY,XAUUSD+,BUY,0.01,2026-03-10 20:26:19,20,2026-03-10 20:26:20,5229.5,5229.86,0.36,US_EDT_Only,17-21
28260303.0,959662601,NY,XAUUSD+,BUY,0.01,2026-03-10 20:26:20,20,2026-03-10 20:26:23,5229.93,5230.28,0.35,US_EDT_Only,17-21
28260303.0,959663280,NY,XAUUSD+,BUY,0.01,2026-03-10 20:26:23,20,2026-03-10 20:27:00,5230.39,5230.7,0.31,US_EDT_Only,17-21
28260303.0,959666951,NY,XAUUSD+,SELL,0.01,2026-03-10 20:27:00,20,2026-03-10 20:27:03,5230.75,5230.44,0.31,US_EDT_Only,17-21
28260303.0,959668305,NY,XAUUSD+,SELL,0.01,2026-03-10 20:27:03,20,2026-03-10 20:27:45,5230.3,5229.98,0.32,US_EDT_Only,17-21
28260303.0,959672700,NY,XAUUSD+,SELL,0.01,2026-03-10 20:27:45,20,2026-03-10 20:27:53,5229.86,5229.53,0.33,US_EDT_Only,17-21
28260303.0,959673552,NY,XAUUSD+,SELL,0.01,2026-03-10 20:27:53,20,2026-03-10 20:27:55,5229.41,5229.06,0.35,US_EDT_Only,17-21
28260303.0,959673815,NY,XAUUSD+,SELL,0.01,2026-03-10 20:27:55,20,2026-03-10 20:28:33,5228.95,5231.06,-2.11,US_EDT_Only,17-21
28260323.0,959679780,NY,XAUUSD+,SELL,0.05,2026-03-10 20:29:00,20,2026-03-10 20:33:11,5230.45,5231.63,-5.9,US_EDT_Only,17-21
28260323.0,959683931,NY,XAUUSD+,SELL,0.05,2026-03-10 20:29:24,20,2026-03-10 20:33:11,5234.21,5231.63,12.9,US_EDT_Only,17-21
28260305.0,959687046,NY,XAUUSD+,SELL,0.01,2026-03-10 20:30:00,20,2026-03-10 20:30:27,5233.32,5232.99,0.33,US_EDT_Only,17-21
28260333.0,959687047,NY,XAUUSD+,SELL,0.05,2026-03-10 20:30:00,20,2026-03-10 20:30:48,5233.32,5232.98,1.7,US_EDT_Only,17-21
28260313.0,959687048,NY,XAUUSD+,SELL,0.05,2026-03-10 20:30:00,20,2026-03-10 20:30:48,5233.32,5232.98,1.7,US_EDT_Only,17-21
28260305.0,959691489,NY,XAUUSD+,SELL,0.01,2026-03-10 20:30:27,20,2026-03-10 20:30:48,5232.92,5232.98,-0.06,US_EDT_Only,17-21
28260305.0,959692827,NY,XAUUSD+,SELL,0.01,2026-03-10 20:30:48,20,2026-03-10 20:31:05,5232.93,5232.78,0.15,US_EDT_Only,17-21
28260323.0,959733038,NY,XAUUSD+,BUY,0.05,2026-03-10 20:38:00,20,2026-03-10 20:39:56,5229.36,5229.89,2.65,US_EDT_Only,17-21
28260333.0,959738710,NY,XAUUSD+,BUY,0.05,2026-03-10 20:39:00,20,2026-03-10 20:39:00,5228.31,5229.1,3.95,US_EDT_Only,17-21
28260333.0,959752856,NY,XAUUSD+,SELL,0.05,2026-03-10 20:42:00,20,2026-03-10 20:42:12,5230.6,5230.09,2.55,US_EDT_Only,17-21
28260305.0,959758194,NY,XAUUSD+,BUY,0.01,2026-03-10 20:43:00,20,2026-03-10 20:43:31,5229.22,5229.7,0.48,US_EDT_Only,17-21
28260313.0,959758195,NY,XAUUSD+,BUY,0.05,2026-03-10 20:43:00,20,2026-03-10 20:43:31,5229.22,5229.74,2.6,US_EDT_Only,17-21
28260305.0,959760204,NY,XAUUSD+,BUY,0.01,2026-03-10 20:43:31,20,2026-03-10 20:45:01,5229.83,5227.73,-2.1,US_EDT_Only,17-21
28260305.0,959796209,NY,XAUUSD+,SELL,0.01,2026-03-10 20:52:00,20,2026-03-10 20:53:39,5231.79,5231.57,0.22,US_EDT_Only,17-21
28260333.0,959796211,NY,XAUUSD+,SELL,0.05,2026-03-10 20:52:00,20,2026-03-10 20:53:40,5231.79,5231.38,2.05,US_EDT_Only,17-21
28260313.0,959796212,NY,XAUUSD+,SELL,0.05,2026-03-10 20:52:00,20,2026-03-10 20:53:40,5231.79,5231.38,2.05,US_EDT_Only,17-21
28260323.0,959796213,NY,XAUUSD+,SELL,0.05,2026-03-10 20:52:00,20,2026-03-10 20:53:40,5231.79,5231.38,2.05,US_EDT_Only,17-21
28260323.0,959817680,NY,XAUUSD+,BUY,0.05,2026-03-10 20:57:00,20,2026-03-10 20:58:58,5228.49,5228.96,2.35,US_EDT_Only,17-21
28260305.0,959821304,NY,XAUUSD+,BUY,0.01,2026-03-10 20:58:00,20,2026-03-10 20:58:12,5227.84,5227.89,0.05,US_EDT_Only,17-21
28260333.0,959821305,NY,XAUUSD+,BUY,0.05,2026-03-10 20:58:00,20,2026-03-10 20:58:21,5227.84,5228.25,2.05,US_EDT_Only,17-21
28260313.0,959821306,NY,XAUUSD+,BUY,0.05,2026-03-10 20:58:00,20,2026-03-10 20:58:21,5227.84,5228.25,2.05,US_EDT_Only,17-21
28260305.0,959822107,NY,XAUUSD+,BUY,0.01,2026-03-10 20:58:12,20,2026-03-10 20:58:20,5227.93,5228.18,0.25,US_EDT_Only,17-21
28260305.0,959822460,NY,XAUUSD+,BUY,0.01,2026-03-10 20:58:21,20,2026-03-10 20:58:30,5228.33,5228.56,0.23,US_EDT_Only,17-21
28260305.0,959823021,NY,XAUUSD+,BUY,0.01,2026-03-10 20:58:30,20,2026-03-10 20:58:58,5228.68,5228.96,0.28,US_EDT_Only,17-21
28260323.0,960350160,NY,XAUUSD+,BUY,0.05,2026-03-10 21:58:00,21,2026-03-11 03:36:00,5197.13,5211.77,73.2,US_EDT_Only,17-21
28260323.0,960356060,NY,XAUUSD+,BUY,0.05,2026-03-10 21:58:51,21,2026-03-11 02:07:38,5193.25,5195.78,12.65,US_EDT_Only,17-21
28260305.0,960806968,UNKNOWN,XAUUSD+,BUY,0.01,2026-03-10 23:21:00,23,2026-03-10 23:21:17,5193.15,5193.33,0.18,US_EDT_Only,17-21
28260305.0,960808470,UNKNOWN,XAUUSD+,BUY,0.01,2026-03-10 23:21:17,23,2026-03-10 23:21:20,5193.47,5193.61,0.14,US_EDT_Only,17-21
28260305.0,960808738,UNKNOWN,XAUUSD+,BUY,0.01,2026-03-10 23:21:20,23,2026-03-10 23:21:32,5193.72,5193.94,0.22,US_EDT_Only,17-21
28260305.0,960809175,UNKNOWN,XAUUSD+,BUY,0.01,2026-03-10 23:21:32,23,2026-03-10 23:21:34,5194.1,5194.31,0.21,US_EDT_Only,17-21
28260305.0,960809402,UNKNOWN,XAUUSD+,BUY,0.01,2026-03-10 23:21:34,23,2026-03-10 23:21:40,5194.62,5194.79,0.17,US_EDT_Only,17-21
28260305.0,960809866,UNKNOWN,XAUUSD+,BUY,0.01,2026-03-10 23:21:40,23,2026-03-10 23:21:42,5194.93,5195.29,0.36,US_EDT_Only,17-21
28260305.0,960810143,UNKNOWN,XAUUSD+,BUY,0.01,2026-03-10 23:21:43,23,2026-03-10 23:21:43,5195.48,5195.68,0.2,US_EDT_Only,17-21
28260305.0,960810317,UNKNOWN,XAUUSD+,BUY,0.01,2026-03-10 23:21:43,23,2026-03-10 23:21:46,5195.96,5196.1,0.14,US_EDT_Only,17-21
28260305.0,960810890,UNKNOWN,XAUUSD+,BUY,0.01,2026-03-10 23:21:46,23,2026-03-10 23:22:23,5196.14,5196.34,0.2,US_EDT_Only,17-21
28260305.0,960814399,UNKNOWN,XAUUSD+,SELL,0.01,2026-03-10 23:23:00,23,2026-03-10 23:25:06,5196.06,5198.23,-2.17,US_EDT_Only,17-21
28260305.0,960841019,UNKNOWN,XAUUSD+,BUY,0.01,2026-03-10 23:33:00,23,2026-03-10 23:33:27,5194.45,5194.63,0.18,US_EDT_Only,17-21
28260305.0,960841831,UNKNOWN,XAUUSD+,BUY,0.01,2026-03-10 23:33:27,23,2026-03-10 23:33:56,5194.76,5194.94,0.18,US_EDT_Only,17-21
28260305.0,960842335,UNKNOWN,XAUUSD+,BUY,0.01,2026-03-10 23:33:56,23,2026-03-10 23:35:57,5195.12,5195.51,0.39,US_EDT_Only,17-21
28260305.0,960863024,UNKNOWN,XAUUSD+,SELL,0.01,2026-03-10 23:44:00,23,2026-03-10 23:45:19,5196.82,5198.98,-2.16,US_EDT_Only,17-21
28260305.0,960884116,UNKNOWN,XAUUSD+,BUY,0.01,2026-03-10 23:52:00,23,2026-03-10 23:52:01,5194.07,5194.39,0.32,US_EDT_Only,17-21
28260305.0,960884363,UNKNOWN,XAUUSD+,BUY,0.01,2026-03-10 23:52:01,23,2026-03-10 23:53:35,5194.77,5194.93,0.16,US_EDT_Only,17-21
28260305.0,961015544,UNKNOWN,XAUUSD+,SELL,0.01,2026-03-11 01:22:00,1,2026-03-11 01:22:11,5194.78,5194.38,0.4,US_EDT_Only,17-21
28260305.0,961016002,UNKNOWN,XAUUSD+,SELL,0.01,2026-03-11 01:22:11,1,2026-03-11 01:22:11,5194.26,5193.0,1.26,US_EDT_Only,17-21
28260305.0,961016320,UNKNOWN,XAUUSD+,SELL,0.01,2026-03-11 01:22:11,1,2026-03-11 01:22:11,5192.94,5192.4,0.54,US_EDT_Only,17-21
28260305.0,961016704,UNKNOWN,XAUUSD+,SELL,0.01,2026-03-11 01:22:12,1,2026-03-11 01:22:12,5192.09,5191.96,0.13,US_EDT_Only,17-21
28260305.0,961017278,UNKNOWN,XAUUSD+,SELL,0.01,2026-03-11 01:22:13,1,2026-03-11 01:22:14,5191.8,5190.27,1.53,US_EDT_Only,17-21
28260305.0,961017714,UNKNOWN,XAUUSD+,SELL,0.01,2026-03-11 01:22:14,1,2026-03-11 01:22:34,5189.82,5192.0,-2.18,US_EDT_Only,17-21
28260305.0,961020205,UNKNOWN,XAUUSD+,SELL,0.01,2026-03-11 01:22:34,1,2026-03-11 01:22:38,5192.76,5192.47,0.29,US_EDT_Only,17-21
28260305.0,961020642,UNKNOWN,XAUUSD+,SELL,0.01,2026-03-11 01:22:38,1,2026-03-11 01:22:42,5192.12,5191.81,0.31,US_EDT_Only,17-21
28260305.0,961020961,UNKNOWN,XAUUSD+,SELL,0.01,2026-03-11 01:22:43,1,2026-03-11 01:23:35,5191.68,5191.38,0.3,US_EDT_Only,17-21
28260305.0,961053944,UNKNOWN,XAUUSD+,BUY,0.01,2026-03-11 01:33:00,1,2026-03-11 01:33:26,5189.3,5189.44,0.14,US_EDT_Only,17-21
28260305.0,961057013,UNKNOWN,XAUUSD+,BUY,0.01,2026-03-11 01:33:26,1,2026-03-11 01:33:59,5189.6,5189.31,-0.29,US_EDT_Only,17-21
28260305.0,961058307,UNKNOWN,XAUUSD+,BUY,0.01,2026-03-11 01:33:59,1,2026-03-11 01:34:03,5189.6,5190.88,1.28,US_EDT_Only,17-21
28260305.0,961094571,UNKNOWN,XAUUSD+,SELL,0.01,2026-03-11 01:46:00,1,2026-03-11 01:46:00,5193.04,5192.7,0.34,US_EDT_Only,17-21
28260305.0,961094702,UNKNOWN,XAUUSD+,SELL,0.01,2026-03-11 01:46:00,1,2026-03-11 01:46:04,5192.53,5192.4,0.13,US_EDT_Only,17-21
28260305.0,961095095,UNKNOWN,XAUUSD+,SELL,0.01,2026-03-11 01:46:04,1,2026-03-11 01:46:32,5192.23,5191.94,0.29,US_EDT_Only,17-21
28260305.0,961096672,UNKNOWN,XAUUSD+,SELL,0.01,2026-03-11 01:46:33,1,2026-03-11 01:48:30,5191.29,5193.48,-2.19,US_EDT_Only,17-21
28260305.0,961096542,UNKNOWN,XAUUSD+,SELL,0.01,2026-03-11 01:46:33,1,2026-03-11 01:46:33,5191.79,5191.47,0.32,US_EDT_Only,17-21
28260305.0,961102947,UNKNOWN,XAUUSD+,BUY,0.01,2026-03-11 01:49:00,1,2026-03-11 01:49:37,5191.9,5189.74,-2.16,US_EDT_Only,17-21
28260305.0,961105573,UNKNOWN,XAUUSD+,BUY,0.01,2026-03-11 01:49:37,1,2026-03-11 01:49:42,5189.65,5189.98,0.33,US_EDT_Only,17-21
28260305.0,961105882,UNKNOWN,XAUUSD+,BUY,0.01,2026-03-11 01:49:42,1,2026-03-11 01:49:44,5190.13,5190.72,0.59,US_EDT_Only,17-21
28260305.0,961106057,UNKNOWN,XAUUSD+,BUY,0.01,2026-03-11 01:49:44,1,2026-03-11 01:50:36,5190.92,5188.75,-2.17,US_EDT_Only,17-21
28260321.0,961148508,ASIA,XAUUSD+,SELL,0.05,2026-03-11 02:04:00,2,2026-03-11 02:04:44,5192.19,5191.75,2.2,US_EDT_Only,17-21
28260331.0,961154896,ASIA,XAUUSD+,SELL,0.05,2026-03-11 02:06:00,2,2026-03-11 02:07:47,5193.31,5193.95,-3.2,US_EDT_Only,17-21
28260311.0,961157547,ASIA,XAUUSD+,SELL,0.05,2026-03-11 02:07:00,2,2026-03-11 02:07:47,5194.74,5194.32,2.1,US_EDT_Only,17-21
28260305.0,961157548,ASIA,XAUUSD+,SELL,0.01,2026-03-11 02:07:00,2,2026-03-11 02:07:47,5194.74,5194.5,0.24,US_EDT_Only,17-21
28260331.0,961158700,ASIA,XAUUSD+,SELL,0.05,2026-03-11 02:07:15,2,2026-03-11 02:07:47,5195.67,5193.95,8.6,US_EDT_Only,17-21
28260305.0,961161992,ASIA,XAUUSD+,SELL,0.01,2026-03-11 02:07:47,2,2026-03-11 02:07:47,5194.19,5193.95,0.24,US_EDT_Only,17-21
28260305.0,961162218,ASIA,XAUUSD+,SELL,0.01,2026-03-11 02:07:47,2,2026-03-11 02:07:47,5193.59,5193.03,0.56,US_EDT_Only,17-21
28260305.0,961162378,ASIA,XAUUSD+,SELL,0.01,2026-03-11 02:07:47,2,2026-03-11 02:08:16,5192.43,5194.56,-2.13,US_EDT_Only,17-21
28260302.0,961174291,LONDON,XAUUSD+,SELL,0.01,2026-03-11 02:12:00,2,2026-03-11 02:12:28,5193.49,5193.2,0.29,US_EDT_Only,17-21
28260303.0,961174292,NY,XAUUSD+,SELL,0.01,2026-03-11 02:12:00,2,2026-03-11 02:12:28,5193.49,5193.2,0.29,US_EDT_Only,17-21
28260302.0,961175427,LONDON,XAUUSD+,SELL,0.01,2026-03-11 02:12:28,2,2026-03-11 02:13:28,5193.05,5192.92,0.13,US_EDT_Only,17-21
28260303.0,961175428,NY,XAUUSD+,SELL,0.01,2026-03-11 02:12:28,2,2026-03-11 02:13:30,5193.05,5192.72,0.33,US_EDT_Only,17-21
28260321.0,961187853,ASIA,XAUUSD+,BUY,0.05,2026-03-11 02:16:00,2,2026-03-11 02:16:39,5188.96,5189.54,2.9,US_EDT_Only,17-21
28260303.0,961187852,NY,XAUUSD+,BUY,0.01,2026-03-11 02:16:00,2,2026-03-11 02:16:39,5188.96,5189.35,0.39,US_EDT_Only,17-21
28260302.0,961187849,LONDON,XAUUSD+,BUY,0.01,2026-03-11 02:16:00,2,2026-03-11 02:16:39,5188.96,5189.35,0.39,US_EDT_Only,17-21
28260302.0,961189834,LONDON,XAUUSD+,BUY,0.01,2026-03-11 02:16:39,2,2026-03-11 02:16:39,5189.68,5189.81,0.13,US_EDT_Only,17-21
28260303.0,961189836,NY,XAUUSD+,BUY,0.01,2026-03-11 02:16:39,2,2026-03-11 02:18:29,5189.68,5189.98,0.3,US_EDT_Only,17-21
28260302.0,961190016,LONDON,XAUUSD+,BUY,0.01,2026-03-11 02:16:39,2,2026-03-11 02:18:29,5189.93,5190.17,0.24,US_EDT_Only,17-21
28260305.0,961190680,ASIA,XAUUSD+,BUY,0.01,2026-03-11 02:17:00,2,2026-03-11 02:18:29,5189.78,5190.05,0.27,US_EDT_Only,17-21
28260331.0,961190681,ASIA,XAUUSD+,BUY,0.05,2026-03-11 02:17:00,2,2026-03-11 02:18:30,5189.78,5190.52,3.7,US_EDT_Only,17-21
28260311.0,961190682,ASIA,XAUUSD+,BUY,0.05,2026-03-11 02:17:00,2,2026-03-11 02:18:30,5189.78,5190.52,3.7,US_EDT_Only,17-21
28260321.0,961203216,ASIA,XAUUSD+,SELL,0.05,2026-03-11 02:21:00,2,2026-03-11 02:22:18,5195.53,5195.08,2.25,US_EDT_Only,17-21
28260305.0,961203214,ASIA,XAUUSD+,SELL,0.01,2026-03-11 02:21:00,2,2026-03-11 02:22:18,5195.53,5195.13,0.4,US_EDT_Only,17-21
28260331.0,961204402,ASIA,XAUUSD+,SELL,0.05,2026-03-11 02:21:30,2,2026-03-11 02:22:18,5195.52,5195.08,2.2,US_EDT_Only,17-21
28260311.0,961204403,ASIA,XAUUSD+,SELL,0.05,2026-03-11 02:21:30,2,2026-03-11 02:22:18,5195.52,5195.08,2.2,US_EDT_Only,17-21
28260302.0,961205397,LONDON,XAUUSD+,SELL,0.01,2026-03-11 02:22:00,2,2026-03-11 02:22:05,5196.4,5196.31,0.09,US_EDT_Only,17-21
28260303.0,961205398,NY,XAUUSD+,SELL,0.01,2026-03-11 02:22:00,2,2026-03-11 02:22:10,5196.4,5196.04,0.36,US_EDT_Only,17-21
28260302.0,961205990,LONDON,XAUUSD+,SELL,0.01,2026-03-11 02:22:06,2,2026-03-11 02:22:10,5196.14,5195.78,0.36,US_EDT_Only,17-21
28260303.0,961206096,NY,XAUUSD+,SELL,0.01,2026-03-11 02:22:10,2,2026-03-11 02:22:18,5195.64,5195.13,0.51,US_EDT_Only,17-21
28260302.0,961206131,LONDON,XAUUSD+,SELL,0.01,2026-03-11 02:22:10,2,2026-03-11 02:22:18,5195.65,5195.13,0.52,US_EDT_Only,17-21
28260303.0,961206421,NY,XAUUSD+,SELL,0.01,2026-03-11 02:22:18,2,2026-03-11 02:22:43,5194.95,5197.08,-2.13,US_EDT_Only,17-21
28260302.0,961206422,LONDON,XAUUSD+,SELL,0.01,2026-03-11 02:22:18,2,2026-03-11 02:22:19,5194.95,5194.91,0.04,US_EDT_Only,17-21
28260302.0,961206656,LONDON,XAUUSD+,SELL,0.01,2026-03-11 02:22:19,2,2026-03-11 02:22:41,5194.78,5196.95,-2.17,US_EDT_Only,17-21
28260302.0,961208020,LONDON,XAUUSD+,SELL,0.01,2026-03-11 02:22:41,2,2026-03-11 02:22:47,5196.78,5196.42,0.36,US_EDT_Only,17-21
28260303.0,961208225,NY,XAUUSD+,SELL,0.01,2026-03-11 02:22:43,2,2026-03-11 02:22:47,5196.99,5196.42,0.57,US_EDT_Only,17-21
28260302.0,961208955,LONDON,XAUUSD+,SELL,0.01,2026-03-11 02:22:47,2,2026-03-11 02:22:51,5196.23,5195.95,0.28,US_EDT_Only,17-21
28260303.0,961208956,NY,XAUUSD+,SELL,0.01,2026-03-11 02:22:47,2,2026-03-11 02:22:51,5196.23,5195.95,0.28,US_EDT_Only,17-21
28260302.0,961209199,LONDON,XAUUSD+,SELL,0.01,2026-03-11 02:22:51,2,2026-03-11 02:23:19,5195.78,5195.7,0.08,US_EDT_Only,17-21
28260303.0,961209200,NY,XAUUSD+,SELL,0.01,2026-03-11 02:22:51,2,2026-03-11 02:23:28,5195.78,5195.76,0.02,US_EDT_Only,17-21
28260321.0,961247713,ASIA,XAUUSD+,BUY,0.05,2026-03-11 02:41:00,2,2026-03-11 02:41:24,5193.02,5193.37,1.75,US_EDT_Only,17-21
28260331.0,961250503,ASIA,XAUUSD+,BUY,0.05,2026-03-11 02:42:00,2,2026-03-11 02:44:17,5191.95,5192.23,1.4,US_EDT_Only,17-21
28260311.0,961254178,ASIA,XAUUSD+,BUY,0.05,2026-03-11 02:44:00,2,2026-03-11 02:44:17,5192.12,5192.37,1.25,US_EDT_Only,17-21
28260305.0,961254177,ASIA,XAUUSD+,BUY,0.01,2026-03-11 02:44:00,2,2026-03-11 02:44:17,5192.12,5192.29,0.17,US_EDT_Only,17-21
28260305.0,961254857,ASIA,XAUUSD+,BUY,0.01,2026-03-11 02:44:17,2,2026-03-11 02:45:44,5192.5,5190.37,-2.13,US_EDT_Only,17-21
28260302.0,961261271,LONDON,XAUUSD+,BUY,0.01,2026-03-11 02:46:00,2,2026-03-11 02:46:02,5189.19,5189.3,0.11,US_EDT_Only,17-21
28260303.0,961261272,NY,XAUUSD+,BUY,0.01,2026-03-11 02:46:00,2,2026-03-11 02:46:20,5189.19,5189.36,0.17,US_EDT_Only,17-21
28260302.0,961261638,LONDON,XAUUSD+,BUY,0.01,2026-03-11 02:46:02,2,2026-03-11 02:46:38,5189.45,5189.49,0.04,US_EDT_Only,17-21
28260303.0,961262255,NY,XAUUSD+,BUY,0.01,2026-03-11 02:46:20,2,2026-03-11 02:46:43,5189.44,5189.6,0.16,US_EDT_Only,17-21
28260302.0,961262825,LONDON,XAUUSD+,BUY,0.01,2026-03-11 02:46:38,2,2026-03-11 02:46:46,5189.53,5189.62,0.09,US_EDT_Only,17-21
28260303.0,961262903,NY,XAUUSD+,BUY,0.01,2026-03-11 02:46:43,2,2026-03-11 02:46:49,5189.71,5189.9,0.19,US_EDT_Only,17-21
28260302.0,961262962,LONDON,XAUUSD+,BUY,0.01,2026-03-11 02:46:46,2,2026-03-11 02:46:49,5189.75,5189.9,0.15,US_EDT_Only,17-21
28260303.0,961263072,NY,XAUUSD+,BUY,0.01,2026-03-11 02:46:49,2,2026-03-11 02:47:36,5190.09,5190.74,0.65,US_EDT_Only,17-21
28260302.0,961263071,LONDON,XAUUSD+,BUY,0.01,2026-03-11 02:46:49,2,2026-03-11 02:47:37,5190.09,5190.74,0.65,US_EDT_Only,17-21
28260321.0,961285727,ASIA,XAUUSD+,SELL,0.05,2026-03-11 02:55:00,2,2026-03-11 02:56:03,5193.7,5193.17,2.65,US_EDT_Only,17-21
28260331.0,961289092,ASIA,XAUUSD+,SELL,0.05,2026-03-11 02:56:00,2,2026-03-11 02:56:03,5193.7,5193.17,2.65,US_EDT_Only,17-21
28260305.0,961291756,ASIA,XAUUSD+,SELL,0.01,2026-03-11 02:57:00,2,2026-03-11 02:57:01,5194.68,5194.51,0.17,US_EDT_Only,17-21
28260311.0,961291757,ASIA,XAUUSD+,SELL,0.05,2026-03-11 02:57:00,2,2026-03-11 02:57:12,5194.68,5194.3,1.9,US_EDT_Only,17-21
28260305.0,961292037,ASIA,XAUUSD+,SELL,0.01,2026-03-11 02:57:01,2,2026-03-11 02:57:12,5194.45,5194.28,0.17,US_EDT_Only,17-21
28260305.0,961292457,ASIA,XAUUSD+,SELL,0.01,2026-03-11 02:57:12,2,2026-03-11 02:59:11,5194.12,5196.3,-2.18,US_EDT_Only,17-21
28260303.0,961296758,NY,XAUUSD+,SELL,0.01,2026-03-11 02:59:00,2,2026-03-11 03:00:00,5195.66,5197.83,-2.17,US_EDT_Only,17-21
28260302.0,961296759,LONDON,XAUUSD+,SELL,0.01,2026-03-11 02:59:00,2,2026-03-11 03:00:00,5195.66,5197.83,-2.17,US_EDT_Only,17-21
28260321.0,961323611,ASIA,XAUUSD+,BUY,0.05,2026-03-11 03:05:00,3,2026-03-11 03:05:26,5190.47,5190.84,1.85,US_EDT_Only,17-21
28260311.0,961328664,ASIA,XAUUSD+,BUY,0.05,2026-03-11 03:06:00,3,2026-03-11 03:06:12,5189.41,5189.93,2.6,US_EDT_Only,17-21
28260305.0,961328661,ASIA,XAUUSD+,BUY,0.01,2026-03-11 03:06:00,3,2026-03-11 03:06:12,5189.41,5189.72,0.31,US_EDT_Only,17-21
28260331.0,961328663,ASIA,XAUUSD+,BUY,0.05,2026-03-11 03:06:00,3,2026-03-11 03:06:12,5189.41,5189.93,2.6,US_EDT_Only,17-21
28260305.0,961329582,ASIA,XAUUSD+,BUY,0.01,2026-03-11 03:06:12,3,2026-03-11 03:06:16,5190.03,5190.3,0.27,US_EDT_Only,17-21
28260305.0,961329855,ASIA,XAUUSD+,BUY,0.01,2026-03-11 03:06:16,3,2026-03-11 03:06:17,5190.4,5190.71,0.31,US_EDT_Only,17-21
28260305.0,961330038,ASIA,XAUUSD+,BUY,0.01,2026-03-11 03:06:17,3,2026-03-11 03:06:30,5190.95,5191.24,0.29,US_EDT_Only,17-21
28260305.0,961331072,ASIA,XAUUSD+,BUY,0.01,2026-03-11 03:06:30,3,2026-03-11 03:06:54,5191.53,5191.72,0.19,US_EDT_Only,17-21
28260305.0,961332269,ASIA,XAUUSD+,BUY,0.01,2026-03-11 03:06:55,3,2026-03-11 03:06:58,5191.88,5192.07,0.19,US_EDT_Only,17-21
28260305.0,961332575,ASIA,XAUUSD+,BUY,0.01,2026-03-11 03:06:58,3,2026-03-11 03:08:24,5192.23,5190.09,-2.14,US_EDT_Only,17-21
28260303.0,961332724,NY,XAUUSD+,BUY,0.01,2026-03-11 03:07:00,3,2026-03-11 03:08:25,5192.09,5189.95,-2.14,US_EDT_Only,17-21
28260302.0,961332723,LONDON,XAUUSD+,BUY,0.01,2026-03-11 03:07:00,3,2026-03-11 03:08:25,5192.09,5189.95,-2.14,US_EDT_Only,17-21
28260321.0,961372525,ASIA,XAUUSD+,SELL,0.05,2026-03-11 03:16:00,3,2026-03-11 03:16:13,5195.6,5195.03,2.85,US_EDT_Only,17-21
28260305.0,961377493,ASIA,XAUUSD+,SELL,0.01,2026-03-11 03:17:00,3,2026-03-11 03:17:01,5195.67,5195.38,0.29,US_EDT_Only,17-21
28260311.0,961377494,ASIA,XAUUSD+,SELL,0.05,2026-03-11 03:17:00,3,2026-03-11 03:17:05,5195.67,5195.08,2.95,US_EDT_Only,17-21
28260331.0,961377495,ASIA,XAUUSD+,SELL,0.05,2026-03-11 03:17:00,3,2026-03-11 03:17:05,5195.67,5195.08,2.95,US_EDT_Only,17-21
28260305.0,961377814,ASIA,XAUUSD+,SELL,0.01,2026-03-11 03:17:02,3,2026-03-11 03:17:05,5195.28,5194.98,0.3,US_EDT_Only,17-21
28260305.0,961378050,ASIA,XAUUSD+,SELL,0.01,2026-03-11 03:17:05,3,2026-03-11 03:18:14,5194.71,5196.88,-2.17,US_EDT_Only,17-21
28260302.0,961391083,LONDON,XAUUSD+,SELL,0.01,2026-03-11 03:19:00,3,2026-03-11 03:19:02,5202.27,5201.93,0.34,US_EDT_Only,17-21
28260303.0,961391084,NY,XAUUSD+,SELL,0.01,2026-03-11 03:19:00,3,2026-03-11 03:19:02,5202.27,5201.93,0.34,US_EDT_Only,17-21
28260302.0,961391684,LONDON,XAUUSD+,SELL,0.01,2026-03-11 03:19:02,3,2026-03-11 03:19:15,5201.8,5201.67,0.13,US_EDT_Only,17-21
28260303.0,961391683,NY,XAUUSD+,SELL,0.01,2026-03-11 03:19:02,3,2026-03-11 03:19:16,5201.8,5201.74,0.06,US_EDT_Only,17-21
28260302.0,961393695,LONDON,XAUUSD+,SELL,0.01,2026-03-11 03:19:16,3,2026-03-11 03:19:40,5201.61,5201.52,0.09,US_EDT_Only,17-21
28260303.0,961393730,NY,XAUUSD+,SELL,0.01,2026-03-11 03:19:16,3,2026-03-11 03:20:02,5201.66,5203.8,-2.14,US_EDT_Only,17-21
28260302.0,961394975,LONDON,XAUUSD+,SELL,0.01,2026-03-11 03:19:41,3,2026-03-11 03:20:01,5201.44,5203.55,-2.11,US_EDT_Only,17-21
28260321.0,961621807,ASIA,XAUUSD+,BUY,0.05,2026-03-11 04:10:00,4,2026-03-11 04:10:39,5213.66,5214.34,3.4,US_EDT_Only,17-21
28260321.0,961639028,ASIA,XAUUSD+,SELL,0.05,2026-03-11 04:13:39,4,2026-03-11 04:15:15,5215.59,5214.74,4.25,US_EDT_Only,17-21
28260321.0,961690619,ASIA,XAUUSD+,BUY,0.05,2026-03-11 04:25:00,4,2026-03-11 04:26:11,5215.07,5213.56,-7.55,US_EDT_Only,17-21
28260321.0,961693232,ASIA,XAUUSD+,BUY,0.05,2026-03-11 04:25:33,4,2026-03-11 04:26:11,5211.4,5213.56,10.8,US_EDT_Only,17-21
28260331.0,961697298,ASIA,XAUUSD+,BUY,0.05,2026-03-11 04:26:00,4,2026-03-11 04:26:08,5212.19,5212.9,3.55,US_EDT_Only,17-21
28260321.0,961727641,ASIA,XAUUSD+,SELL,0.05,2026-03-11 04:34:00,4,2026-03-11 04:37:01,5217.5,5216.62,4.4,US_EDT_Only,17-21
28260331.0,961732513,ASIA,XAUUSD+,SELL,0.05,2026-03-11 04:35:00,4,2026-03-11 04:35:00,5219.89,5218.96,4.65,US_EDT_Only,17-21
28260331.0,961756437,ASIA,XAUUSD+,BUY,0.05,2026-03-11 04:41:00,4,2026-03-11 04:45:02,5215.0,5215.52,2.6,US_EDT_Only,17-21
28260321.0,961756438,ASIA,XAUUSD+,BUY,0.05,2026-03-11 04:41:00,4,2026-03-11 04:45:02,5215.0,5215.52,2.6,US_EDT_Only,17-21
28260311.0,961764204,ASIA,XAUUSD+,BUY,0.05,2026-03-11 04:44:00,4,2026-03-11 04:44:54,5214.2,5215.0,4.0,US_EDT_Only,17-21
28260311.0,961778065,ASIA,XAUUSD+,SELL,0.05,2026-03-11 04:48:00,4,2026-03-11 04:48:44,5216.71,5215.98,3.65,US_EDT_Only,17-21
28260303.0,961825306,NY,XAUUSD+,BUY,0.01,2026-03-11 05:00:00,5,2026-03-11 05:00:04,5209.35,5209.61,0.26,US_EDT_Only,17-21
28260302.0,961825307,LONDON,XAUUSD+,BUY,0.01,2026-03-11 05:00:00,5,2026-03-11 05:00:04,5209.35,5209.61,0.26,US_EDT_Only,17-21
28260302.0,961824493,LONDON,XAUUSD+,BUY,0.01,2026-03-11 05:00:00,5,2026-03-11 05:00:00,5208.73,5209.12,0.39,US_EDT_Only,17-21
28260303.0,961824494,NY,XAUUSD+,BUY,0.01,2026-03-11 05:00:00,5,2026-03-11 05:00:00,5208.73,5209.12,0.39,US_EDT_Only,17-21
28260303.0,961825909,NY,XAUUSD+,BUY,0.01,2026-03-11 05:00:05,5,2026-03-11 05:00:35,5209.71,5207.57,-2.14,US_EDT_Only,17-21
28260302.0,961825910,LONDON,XAUUSD+,BUY,0.01,2026-03-11 05:00:05,5,2026-03-11 05:00:35,5209.71,5207.57,-2.14,US_EDT_Only,17-21
28260302.0,961828928,LONDON,XAUUSD+,BUY,0.01,2026-03-11 05:00:35,5,2026-03-11 05:00:39,5207.54,5207.77,0.23,US_EDT_Only,17-21
28260303.0,961828929,NY,XAUUSD+,BUY,0.01,2026-03-11 05:00:35,5,2026-03-11 05:00:39,5207.54,5207.77,0.23,US_EDT_Only,17-21
28260302.0,961829645,LONDON,XAUUSD+,BUY,0.01,2026-03-11 05:00:39,5,2026-03-11 05:00:40,5207.92,5208.15,0.23,US_EDT_Only,17-21
28260303.0,961829646,NY,XAUUSD+,BUY,0.01,2026-03-11 05:00:39,5,2026-03-11 05:00:40,5207.92,5208.15,0.23,US_EDT_Only,17-21
28260303.0,961829794,NY,XAUUSD+,BUY,0.01,2026-03-11 05:00:40,5,2026-03-11 05:00:54,5208.33,5206.22,-2.11,US_EDT_Only,17-21
28260302.0,961829793,LONDON,XAUUSD+,BUY,0.01,2026-03-11 05:00:40,5,2026-03-11 05:00:54,5208.33,5206.22,-2.11,US_EDT_Only,17-21
28260303.0,961832205,NY,XAUUSD+,BUY,0.01,2026-03-11 05:00:54,5,2026-03-11 05:00:56,5206.26,5206.53,0.27,US_EDT_Only,17-21
28260302.0,961832204,LONDON,XAUUSD+,BUY,0.01,2026-03-11 05:00:54,5,2026-03-11 05:00:56,5206.26,5206.35,0.09,US_EDT_Only,17-21
28260302.0,961832622,LONDON,XAUUSD+,BUY,0.01,2026-03-11 05:00:56,5,2026-03-11 05:00:57,5206.52,5206.77,0.25,US_EDT_Only,17-21
28260303.0,961832660,NY,XAUUSD+,BUY,0.01,2026-03-11 05:00:56,5,2026-03-11 05:00:57,5206.67,5207.01,0.34,US_EDT_Only,17-21
28260302.0,961832775,LONDON,XAUUSD+,BUY,0.01,2026-03-11 05:00:57,5,2026-03-11 05:00:58,5207.11,5207.14,0.03,US_EDT_Only,17-21
28260303.0,961832838,NY,XAUUSD+,BUY,0.01,2026-03-11 05:00:57,5,2026-03-11 05:01:10,5207.34,5205.17,-2.17,US_EDT_Only,17-21
28260302.0,961832950,LONDON,XAUUSD+,BUY,0.01,2026-03-11 05:00:58,5,2026-03-11 05:00:58,5207.3,5207.36,0.06,US_EDT_Only,17-21
28260302.0,961833025,LONDON,XAUUSD+,BUY,0.01,2026-03-11 05:00:58,5,2026-03-11 05:01:10,5207.53,5205.36,-2.17,US_EDT_Only,17-21
28260321.0,961941537,ASIA,XAUUSD+,SELL,0.05,2026-03-11 05:20:00,5,2026-03-11 05:20:55,5204.67,5204.08,2.95,US_EDT_Only,17-21
28260331.0,961961769,ASIA,XAUUSD+,SELL,0.05,2026-03-11 05:26:00,5,2026-03-11 05:26:18,5205.62,5204.79,4.15,US_EDT_Only,17-21
28260311.0,962007261,ASIA,XAUUSD+,SELL,0.05,2026-03-11 05:39:00,5,2026-03-11 05:40:04,5205.72,5205.17,2.75,US_EDT_Only,17-21
28260306.0,962049952,ASIA,XAUUSD+,SELL,0.01,2026-03-11 05:49:00,5,2026-03-11 05:50:18,5212.28,5214.44,-2.16,US_EDT_Only,17-21
28260303.0,962049954,NY,XAUUSD+,SELL,0.01,2026-03-11 05:49:00,5,2026-03-11 05:50:18,5212.28,5214.44,-2.16,US_EDT_Only,17-21
28260303.0,962049955,NY,XAUUSD+,SELL,0.01,2026-03-11 05:49:00,5,2026-03-11 05:50:18,5212.28,5214.44,-2.16,US_EDT_Only,17-21
28260303.0,962201905,NY,XAUUSD+,BUY,0.01,2026-03-11 06:29:00,6,2026-03-11 06:29:14,5205.89,5206.57,0.68,US_EDT_Only,17-21
28260303.0,962204049,NY,XAUUSD+,BUY,0.01,2026-03-11 06:29:14,6,2026-03-11 06:29:16,5207.05,5207.23,0.18,US_EDT_Only,17-21
28260303.0,962204385,NY,XAUUSD+,BUY,0.01,2026-03-11 06:29:16,6,2026-03-11 06:29:19,5207.14,5207.39,0.25,US_EDT_Only,17-21
28260303.0,962204628,NY,XAUUSD+,BUY,0.01,2026-03-11 06:29:19,6,2026-03-11 06:29:45,5207.54,5205.37,-2.17,US_EDT_Only,17-21
28260303.0,962206090,NY,XAUUSD+,BUY,0.01,2026-03-11 06:29:45,6,2026-03-11 06:30:38,5205.5,5205.68,0.18,US_EDT_Only,17-21
28260307.0,962383891,LONDON,XAUUSD+,SELL,0.01,2026-03-11 07:40:00,7,2026-03-11 07:44:49,5207.65,5206.89,0.76,US_EDT_Only,17-21
28260306.0,962383892,LONDON,XAUUSD+,SELL,0.01,2026-03-11 07:40:00,7,2026-03-11 07:42:41,5207.65,5207.59,0.06,US_EDT_Only,17-21
28260303.0,962383893,NY,XAUUSD+,SELL,0.01,2026-03-11 07:40:00,7,2026-03-11 07:42:36,5207.65,5207.56,0.09,US_EDT_Only,17-21
28260307.0,962399080,LONDON,XAUUSD+,BUY,0.01,2026-03-11 07:47:00,7,2026-03-11 07:50:19,5204.44,5205.34,0.9,US_EDT_Only,17-21
28260306.0,962399078,LONDON,XAUUSD+,BUY,0.01,2026-03-11 07:47:00,7,2026-03-11 07:49:59,5204.44,5204.6,0.16,US_EDT_Only,17-21
28260303.0,962399079,NY,XAUUSD+,BUY,0.01,2026-03-11 07:47:00,7,2026-03-11 07:49:54,5204.44,5204.55,0.11,US_EDT_Only,17-21
28260322.0,962441732,LONDON,XAUUSD+,SELL,0.05,2026-03-11 08:02:00,8,2026-03-11 08:02:11,5205.19,5204.91,1.4,US_EDT_Only,17-21
28260322.0,962448287,LONDON,XAUUSD+,SELL,0.05,2026-03-11 08:05:11,8,2026-03-11 08:05:22,5205.03,5204.75,1.4,US_EDT_Only,17-21
28260332.0,962450392,LONDON,XAUUSD+,SELL,0.05,2026-03-11 08:06:00,8,2026-03-11 08:06:02,5205.75,5205.2,2.75,US_EDT_Only,17-21
28260312.0,962457895,LONDON,XAUUSD+,SELL,0.05,2026-03-11 08:08:00,8,2026-03-11 08:10:17,5206.99,5206.55,2.2,US_EDT_Only,17-21
28260322.0,962475171,LONDON,XAUUSD+,BUY,0.05,2026-03-11 08:14:00,8,2026-03-11 08:14:11,5204.23,5204.95,3.6,US_EDT_Only,17-21
28260332.0,962481376,LONDON,XAUUSD+,BUY,0.05,2026-03-11 08:16:00,8,2026-03-11 08:16:18,5204.08,5204.62,2.7,US_EDT_Only,17-21
28260312.0,962481377,LONDON,XAUUSD+,BUY,0.05,2026-03-11 08:16:00,8,2026-03-11 08:16:18,5204.08,5204.62,2.7,US_EDT_Only,17-21
28260322.0,962586219,LONDON,XAUUSD+,SELL,0.05,2026-03-11 08:41:00,8,2026-03-11 08:41:51,5203.99,5203.17,4.1,US_EDT_Only,17-21
28260322.0,962608441,LONDON,XAUUSD+,BUY,0.05,2026-03-11 08:44:50,8,2026-03-11 08:51:06,5201.3,5199.62,-8.4,US_EDT_Only,17-21
28260322.0,962616394,LONDON,XAUUSD+,BUY,0.05,2026-03-11 08:46:19,8,2026-03-11 08:51:06,5197.39,5199.62,11.15,US_EDT_Only,17-21
28260322.0,962675664,LONDON,XAUUSD+,SELL,0.05,2026-03-11 09:05:00,9,2026-03-11 09:05:01,5200.15,5199.79,1.8,US_EDT_Only,17-21
28260332.0,962683443,LONDON,XAUUSD+,SELL,0.05,2026-03-11 09:07:00,9,2026-03-11 09:07:10,5202.1,5201.75,1.75,US_EDT_Only,17-21
28260312.0,962686201,LONDON,XAUUSD+,SELL,0.05,2026-03-11 09:08:00,9,2026-03-11 09:08:18,5202.81,5202.46,1.75,US_EDT_Only,17-21
28260322.0,962756229,LONDON,XAUUSD+,BUY,0.05,2026-03-11 09:26:00,9,2026-03-11 09:26:02,5203.98,5204.43,2.25,US_EDT_Only,17-21
28260322.0,962774949,LONDON,XAUUSD+,BUY,0.05,2026-03-11 09:33:00,9,2026-03-11 09:33:15,5204.86,5205.2,1.7,US_EDT_Only,17-21
28260332.0,962780976,LONDON,XAUUSD+,BUY,0.05,2026-03-11 09:35:00,9,2026-03-11 09:36:05,5202.39,5202.73,1.7,US_EDT_Only,17-21
28260312.0,962791513,LONDON,XAUUSD+,BUY,0.05,2026-03-11 09:37:00,9,2026-03-11 09:39:48,5202.41,5202.74,1.65,US_EDT_Only,17-21
28260322.0,962891625,LONDON,XAUUSD+,SELL,0.05,2026-03-11 10:01:00,10,2026-03-11 10:02:34,5198.63,5198.08,2.75,US_EDT_Only,17-21
28260332.0,962910315,LONDON,XAUUSD+,SELL,0.05,2026-03-11 10:05:00,10,2026-03-11 10:05:12,5200.28,5199.78,2.5,US_EDT_Only,17-21
28260322.0,962940509,LONDON,XAUUSD+,BUY,0.05,2026-03-11 10:12:00,10,2026-03-11 10:12:28,5197.31,5197.93,3.1,US_EDT_Only,17-21
28260332.0,962942020,LONDON,XAUUSD+,BUY,0.05,2026-03-11 10:13:00,10,2026-03-11 10:13:57,5197.7,5198.19,2.45,US_EDT_Only,17-21
28260322.0,962950182,LONDON,XAUUSD+,SELL,0.05,2026-03-11 10:15:28,10,2026-03-11 10:16:26,5199.42,5198.94,2.4,US_EDT_Only,17-21
28260332.0,962959468,LONDON,XAUUSD+,BUY,0.05,2026-03-11 10:18:00,10,2026-03-11 10:18:05,5196.74,5197.39,3.25,US_EDT_Only,17-21
28260322.0,963108729,LONDON,XAUUSD+,SELL,0.05,2026-03-11 10:50:00,10,2026-03-11 10:50:04,5194.72,5194.04,3.4,US_EDT_Only,17-21
28260332.0,963116151,LONDON,XAUUSD+,SELL,0.05,2026-03-11 10:51:00,10,2026-03-11 10:53:21,5196.58,5196.01,2.85,US_EDT_Only,17-21
28260312.0,963127793,LONDON,XAUUSD+,SELL,0.05,2026-03-11 10:54:00,10,2026-03-11 10:54:26,5195.67,5195.61,0.3,US_EDT_Only,17-21
28260322.0,963158600,LONDON,XAUUSD+,BUY,0.05,2026-03-11 11:02:00,11,2026-03-11 11:03:00,5189.28,5189.7,2.1,US_EDT_Only,17-21
28260332.0,963158597,LONDON,XAUUSD+,BUY,0.05,2026-03-11 11:02:00,11,2026-03-11 11:03:00,5189.28,5189.7,2.1,US_EDT_Only,17-21
28260312.0,963158599,LONDON,XAUUSD+,BUY,0.05,2026-03-11 11:02:00,11,2026-03-11 11:03:00,5189.28,5189.7,2.1,US_EDT_Only,17-21
28260332.0,963180778,LONDON,XAUUSD+,SELL,0.05,2026-03-11 11:06:00,11,2026-03-11 11:06:25,5196.27,5195.69,2.9,US_EDT_Only,17-21
28260322.0,963180779,LONDON,XAUUSD+,SELL,0.05,2026-03-11 11:06:00,11,2026-03-11 11:06:25,5196.27,5195.69,2.9,US_EDT_Only,17-21
28260312.0,963191834,LONDON,XAUUSD+,SELL,0.05,2026-03-11 11:09:00,11,2026-03-11 11:09:06,5196.45,5195.74,3.55,US_EDT_Only,17-21
28260322.0,963230740,LONDON,XAUUSD+,BUY,0.05,2026-03-11 11:18:00,11,2026-03-11 11:22:34,5192.62,5191.53,-5.45,US_EDT_Only,17-21
28260332.0,963234962,LONDON,XAUUSD+,BUY,0.05,2026-03-11 11:19:00,11,2026-03-11 11:22:33,5192.41,5191.27,-5.7,US_EDT_Only,17-21
28260312.0,963234963,LONDON,XAUUSD+,BUY,0.05,2026-03-11 11:19:00,11,2026-03-11 11:22:33,5192.41,5191.27,-5.7,US_EDT_Only,17-21
28260312.0,963244045,LONDON,XAUUSD+,BUY,0.05,2026-03-11 11:20:52,11,2026-03-11 11:22:33,5189.2,5191.27,10.35,US_EDT_Only,17-21
28260332.0,963244042,LONDON,XAUUSD+,BUY,0.05,2026-03-11 11:20:52,11,2026-03-11 11:22:33,5189.2,5191.27,10.35,US_EDT_Only,17-21
28260322.0,963243961,LONDON,XAUUSD+,BUY,0.05,2026-03-11 11:20:52,11,2026-03-11 11:22:34,5189.5,5191.53,10.15,US_EDT_Only,17-21
28260322.0,963403170,LONDON,XAUUSD+,SELL,0.05,2026-03-11 11:51:00,11,2026-03-11 11:54:23,5186.24,5185.71,2.65,US_EDT_Only,17-21
28260332.0,963409905,LONDON,XAUUSD+,SELL,0.05,2026-03-11 11:53:00,11,2026-03-11 11:53:56,5187.44,5186.88,2.8,US_EDT_Only,17-21
28260313.0,965553833,NY,XAUUSD+,BUY,0.05,2026-03-11 17:43:03,17,2026-03-11 17:43:35,5178.37,5178.83,2.3,US_EDT_Only,17-21
28260313.0,965610677,NY,XAUUSD+,SELL,0.05,2026-03-11 17:50:00,17,2026-03-11 17:51:51,5189.06,5190.95,-9.45,US_EDT_Only,17-21
28260323.0,965610679,NY,XAUUSD+,SELL,0.05,2026-03-11 17:50:00,17,2026-03-11 17:51:51,5189.06,5190.95,-9.45,US_EDT_Only,17-21
28260333.0,965620523,NY,XAUUSD+,SELL,0.05,2026-03-11 17:51:00,17,2026-03-11 17:51:41,5193.02,5192.43,2.95,US_EDT_Only,17-21
28260323.0,965621410,NY,XAUUSD+,SELL,0.05,2026-03-11 17:51:02,17,2026-03-11 17:51:51,5193.53,5190.95,12.9,US_EDT_Only,17-21
28260313.0,965621411,NY,XAUUSD+,SELL,0.05,2026-03-11 17:51:02,17,2026-03-11 17:51:51,5193.53,5190.95,12.9,US_EDT_Only,17-21
28260323.0,965679098,NY,XAUUSD+,BUY,0.05,2026-03-11 18:00:00,18,2026-03-11 18:00:01,5183.96,5184.69,3.65,US_EDT_Only,17-21
28260333.0,965689600,NY,XAUUSD+,BUY,0.05,2026-03-11 18:01:00,18,2026-03-11 18:01:00,5183.33,5183.78,2.25,US_EDT_Only,17-21
28260313.0,965698518,NY,XAUUSD+,BUY,0.05,2026-03-11 18:02:00,18,2026-03-11 18:02:01,5180.94,5181.74,4.0,US_EDT_Only,17-21
28260323.0,965865684,NY,XAUUSD+,SELL,0.05,2026-03-11 18:25:00,18,2026-03-11 18:27:08,5178.47,5177.72,3.75,US_EDT_Only,17-21
28260323.0,966026878,NY,XAUUSD+,SELL,0.05,2026-03-11 18:52:00,18,2026-03-11 18:54:05,5173.29,5172.56,3.65,US_EDT_Only,17-21
28260333.0,966036000,NY,XAUUSD+,SELL,0.05,2026-03-11 18:54:00,18,2026-03-11 18:54:06,5172.86,5172.13,3.65,US_EDT_Only,17-21
28260333.0,966049586,NY,XAUUSD+,BUY,0.05,2026-03-11 18:57:06,18,2026-03-11 18:57:20,5170.44,5171.03,2.95,US_EDT_Only,17-21
28260323.0,966052393,NY,XAUUSD+,BUY,0.05,2026-03-11 18:58:00,18,2026-03-11 18:58:08,5170.56,5171.08,2.6,US_EDT_Only,17-21
28260323.0,966146485,NY,XAUUSD+,SELL,0.05,2026-03-11 19:14:00,19,2026-03-11 19:15:54,5170.48,5169.94,2.7,US_EDT_Only,17-21
28260333.0,966151394,NY,XAUUSD+,SELL,0.05,2026-03-11 19:15:00,19,2026-03-11 19:15:25,5172.51,5171.99,2.6,US_EDT_Only,17-21
28260333.0,966171320,NY,XAUUSD+,SELL,0.05,2026-03-11 19:19:00,19,2026-03-11 19:19:06,5169.29,5168.73,2.8,US_EDT_Only,17-21
28260323.0,966175192,NY,XAUUSD+,BUY,0.05,2026-03-11 19:20:00,19,2026-03-11 19:20:10,5167.64,5168.15,2.55,US_EDT_Only,17-21
28260323.0,966197352,NY,XAUUSD+,SELL,0.05,2026-03-11 19:25:00,19,2026-03-11 19:26:08,5169.1,5168.58,2.6,US_EDT_Only,17-21
28260333.0,966200588,NY,XAUUSD+,SELL,0.05,2026-03-11 19:26:00,19,2026-03-11 19:26:05,5169.21,5168.73,2.4,US_EDT_Only,17-21
28260323.0,966229120,NY,XAUUSD+,SELL,0.05,2026-03-11 19:32:00,19,2026-03-11 19:36:35,5169.36,5170.41,-5.25,US_EDT_Only,17-21
28260333.0,966234360,NY,XAUUSD+,SELL,0.05,2026-03-11 19:33:00,19,2026-03-11 19:33:23,5171.44,5170.78,3.3,US_EDT_Only,17-21
28260313.0,966239398,NY,XAUUSD+,SELL,0.05,2026-03-11 19:34:00,19,2026-03-11 19:35:08,5171.49,5171.0,2.45,US_EDT_Only,17-21
28260323.0,966240147,NY,XAUUSD+,SELL,0.05,2026-03-11 19:34:06,19,2026-03-11 19:36:35,5172.03,5170.41,8.1,US_EDT_Only,17-21
28260323.0,966320552,NY,XAUUSD+,BUY,0.05,2026-03-11 19:52:00,19,2026-03-11 19:54:27,5172.75,5173.36,3.05,US_EDT_Only,17-21
28260323.0,966341902,NY,XAUUSD+,SELL,0.05,2026-03-11 19:58:00,19,2026-03-11 20:00:08,5174.69,5175.37,-3.4,US_EDT_Only,17-21
28260323.0,966346635,NY,XAUUSD+,SELL,0.05,2026-03-11 19:59:20,19,2026-03-11 20:00:08,5176.84,5175.37,7.35,US_EDT_Only,17-21
28260323.0,966414263,NY,XAUUSD+,BUY,0.05,2026-03-11 20:15:00,20,2026-03-11 20:15:16,5176.0,5176.38,1.9,US_EDT_Only,17-21
28260323.0,966428265,NY,XAUUSD+,BUY,0.05,2026-03-11 20:18:16,20,2026-03-11 20:21:43,5173.38,5172.5,-4.4,US_EDT_Only,17-21
28260333.0,966433141,NY,XAUUSD+,BUY,0.05,2026-03-11 20:19:00,20,2026-03-11 20:19:03,5171.47,5171.93,2.3,US_EDT_Only,17-21
28260323.0,966436054,NY,XAUUSD+,BUY,0.05,2026-03-11 20:19:33,20,2026-03-11 20:21:43,5171.01,5172.5,7.45,US_EDT_Only,17-21
28260313.0,966439109,NY,XAUUSD+,BUY,0.05,2026-03-11 20:20:00,20,2026-03-11 20:20:01,5171.38,5171.83,2.25,US_EDT_Only,17-21
28260323.0,966612988,NY,XAUUSD+,SELL,0.05,2026-03-11 20:51:00,20,2026-03-11 20:51:57,5167.66,5166.86,4.0,US_EDT_Only,17-21
28260333.0,966622217,NY,XAUUSD+,SELL,0.05,2026-03-11 20:54:00,20,2026-03-11 20:55:01,5166.7,5165.87,4.15,US_EDT_Only,17-21
28260333.0,966797865,NY,XAUUSD+,BUY,0.05,2026-03-11 21:53:00,21,2026-03-12 01:56:25,5177.03,5146.86,-150.85,US_EDT_Only,17-21
28260333.0,966798431,NY,XAUUSD+,BUY,0.05,2026-03-11 21:53:13,21,2026-03-12 01:56:26,5175.99,5145.88,-150.55,US_EDT_Only,17-21
28260321.0,967466279,ASIA,XAUUSD+,SELL,0.05,2026-03-12 02:14:00,2,2026-03-12 02:14:07,5153.53,5152.23,6.5,US_EDT_Only,17-21
28260331.0,967474460,ASIA,XAUUSD+,SELL,0.05,2026-03-12 02:17:00,2,2026-03-12 02:20:15,5153.85,5153.56,1.45,US_EDT_Only,17-21
28260311.0,967505281,ASIA,XAUUSD+,SELL,0.05,2026-03-12 02:28:00,2,2026-03-12 02:28:01,5156.1,5155.56,2.7,US_EDT_Only,17-21
28260311.0,967529084,ASIA,XAUUSD+,BUY,0.05,2026-03-12 02:35:00,2,2026-03-12 02:37:20,5150.55,5151.46,4.55,US_EDT_Only,17-21
28260321.0,967529085,ASIA,XAUUSD+,BUY,0.05,2026-03-12 02:35:00,2,2026-03-12 02:37:20,5150.55,5151.46,4.55,US_EDT_Only,17-21
28260331.0,967537507,ASIA,XAUUSD+,BUY,0.05,2026-03-12 02:36:00,2,2026-03-12 02:36:36,5149.72,5150.03,1.55,US_EDT_Only,17-21
28260321.0,967727908,ASIA,XAUUSD+,SELL,0.05,2026-03-12 03:13:00,3,2026-03-12 03:13:10,5140.44,5140.0,2.2,US_EDT_Only,17-21
28260331.0,967734728,ASIA,XAUUSD+,SELL,0.05,2026-03-12 03:15:00,3,2026-03-12 03:28:03,5138.86,5156.59,-88.65,US_EDT_Only,17-21
28260311.0,967759445,ASIA,XAUUSD+,SELL,0.05,2026-03-12 03:21:00,3,2026-03-12 03:21:11,5143.66,5143.09,2.85,US_EDT_Only,17-21
28260321.0,967877069,ASIA,XAUUSD+,BUY,0.05,2026-03-12 03:49:00,3,2026-03-12 03:49:28,5151.25,5152.76,7.55,US_EDT_Only,17-21
28260321.0,967905556,ASIA,XAUUSD+,BUY,0.05,2026-03-12 04:00:00,4,2026-03-12 04:00:04,5153.13,5154.51,6.9,US_EDT_Only,17-21
28260321.0,967972097,ASIA,XAUUSD+,BUY,0.05,2026-03-12 04:09:00,4,2026-03-12 04:09:02,5154.86,5155.9,5.2,US_EDT_Only,17-21
28260321.0,967994495,ASIA,XAUUSD+,SELL,0.05,2026-03-12 04:15:00,4,2026-03-12 04:15:12,5157.22,5156.09,5.65,US_EDT_Only,17-21
28260331.0,968001869,ASIA,XAUUSD+,BUY,0.05,2026-03-12 04:16:00,4,2026-03-12 04:16:15,5154.57,5154.68,0.55,US_EDT_Only,17-21
28260321.0,968011656,ASIA,XAUUSD+,SELL,0.05,2026-03-12 04:19:00,4,2026-03-12 04:21:01,5158.33,5157.67,3.3,US_EDT_Only,17-21
28260331.0,968013226,ASIA,XAUUSD+,SELL,0.05,2026-03-12 04:19:15,4,2026-03-12 04:19:25,5159.11,5158.72,1.95,US_EDT_Only,17-21
28260321.0,968054581,ASIA,XAUUSD+,BUY,0.05,2026-03-12 04:31:00,4,2026-03-12 04:31:12,5157.01,5158.25,6.2,US_EDT_Only,17-21
28260331.0,968058727,ASIA,XAUUSD+,BUY,0.05,2026-03-12 04:32:00,4,2026-03-12 04:32:04,5155.19,5156.12,4.65,US_EDT_Only,17-21
28260321.0,968069404,ASIA,XAUUSD+,SELL,0.05,2026-03-12 04:35:00,4,2026-03-12 04:35:02,5158.26,5157.74,2.6,US_EDT_Only,17-21
28260331.0,968069914,ASIA,XAUUSD+,SELL,0.05,2026-03-12 04:35:04,4,2026-03-12 04:35:17,5158.0,5157.49,2.55,US_EDT_Only,17-21
28260321.0,968257123,ASIA,XAUUSD+,BUY,0.1,2026-03-12 05:24:00,5,2026-03-12 05:24:13,5169.32,5170.26,9.4,US_EDT_Only,17-21
28260331.0,968266860,ASIA,XAUUSD+,BUY,0.1,2026-03-12 05:27:00,5,2026-03-12 05:30:45,5171.01,5170.32,-6.9,US_EDT_Only,17-21
28260331.0,968272082,ASIA,XAUUSD+,BUY,0.1,2026-03-12 05:28:58,5,2026-03-12 05:30:45,5168.47,5170.32,18.5,US_EDT_Only,17-21
28260313.0,968293881,NY,XAUUSD+,BUY,0.01,2026-03-12 05:35:00,5,2026-03-12 06:25:21,5165.53,5151.97,-13.56,US_EDT_Only,17-21
28260311.0,968293891,ASIA,XAUUSD+,BUY,0.1,2026-03-12 05:35:00,5,2026-03-12 05:37:35,5165.53,5164.34,-11.9,US_EDT_Only,17-21
28260311.0,968304346,ASIA,XAUUSD+,BUY,0.1,2026-03-12 05:36:54,5,2026-03-12 05:37:35,5162.85,5164.34,14.9,US_EDT_Only,17-21
28260312.0,968339582,LONDON,XAUUSD+,BUY,0.01,2026-03-12 05:43:00,5,2026-03-12 06:25:22,5156.21,5151.98,-4.23,US_EDT_Only,17-21
28260311.0,968339583,ASIA,XAUUSD+,BUY,0.01,2026-03-12 05:43:00,5,2026-03-12 05:43:12,5156.21,5156.79,0.58,US_EDT_Only,17-21
28260310.0,968339584,ASIA,XAUUSD+,BUY,0.01,2026-03-12 05:43:00,5,2026-03-12 05:43:03,5156.21,5156.33,0.12,US_EDT_Only,17-21
28260311.0,968340684,ASIA,XAUUSD+,BUY,0.01,2026-03-12 05:43:12,5,2026-03-12 05:43:33,5156.92,5158.54,1.62,US_EDT_Only,17-21
28260313.0,968582644,NY,XAUUSD+,SELL,0.01,2026-03-12 06:50:00,6,2026-03-12 06:51:55,5153.54,5152.73,0.81,US_EDT_Only,17-21
28260313.0,968605894,NY,XAUUSD+,BUY,0.01,2026-03-12 07:02:00,7,2026-03-12 07:03:18,5150.25,5151.17,0.92,US_EDT_Only,17-21
28260313.0,968618877,NY,XAUUSD+,SELL,0.01,2026-03-12 07:09:00,7,2026-03-12 07:10:22,5152.99,5152.33,0.66,US_EDT_Only,17-21
28260313.0,968639975,NY,XAUUSD+,BUY,0.01,2026-03-12 07:23:00,7,2026-03-12 07:23:02,5151.56,5152.22,0.66,US_EDT_Only,17-21
28260322.0,968770230,LONDON,XAUUSD+,SELL,0.1,2026-03-12 08:04:00,8,2026-03-12 08:04:16,5145.36,5144.95,4.1,US_EDT_Only,17-21
28260322.0,968782803,LONDON,XAUUSD+,BUY,0.1,2026-03-12 08:08:00,8,2026-03-12 08:08:03,5143.64,5144.91,12.7,US_EDT_Only,17-21
28260322.0,968786463,LONDON,XAUUSD+,SELL,0.1,2026-03-12 08:09:02,8,2026-03-12 08:11:53,5146.02,5146.97,-9.5,US_EDT_Only,17-21
28260332.0,968788587,LONDON,XAUUSD+,SELL,0.1,2026-03-12 08:10:00,8,2026-03-12 08:13:46,5146.77,5146.37,4.0,US_EDT_Only,17-21
28260322.0,968791879,LONDON,XAUUSD+,SELL,0.1,2026-03-12 08:10:55,8,2026-03-12 08:11:53,5148.82,5146.97,18.5,US_EDT_Only,17-21
28260313.0,968798133,NY,XAUUSD+,SELL,0.01,2026-03-12 08:13:00,8,2026-03-12 08:13:45,5148.0,5146.4,1.6,US_EDT_Only,17-21
28260312.0,968798132,LONDON,XAUUSD+,SELL,0.1,2026-03-12 08:13:00,8,2026-03-12 08:13:20,5148.0,5147.58,4.2,US_EDT_Only,17-21
28260312.0,968805578,LONDON,XAUUSD+,BUY,0.1,2026-03-12 08:16:00,8,2026-03-12 08:16:11,5145.7,5146.27,5.7,US_EDT_Only,17-21
28260313.0,968805579,NY,XAUUSD+,BUY,0.01,2026-03-12 08:16:00,8,2026-03-12 08:17:20,5145.7,5146.35,0.65,US_EDT_Only,17-21
28260312.0,968809480,LONDON,XAUUSD+,SELL,0.1,2026-03-12 08:18:00,8,2026-03-12 08:19:06,5147.83,5146.85,9.8,US_EDT_Only,17-21
28260313.0,968810971,NY,XAUUSD+,SELL,0.01,2026-03-12 08:18:20,8,2026-03-12 08:19:06,5148.63,5146.85,1.78,US_EDT_Only,17-21
28260322.0,968820022,LONDON,XAUUSD+,BUY,0.1,2026-03-12 08:21:00,8,2026-03-12 08:21:10,5143.24,5143.83,5.9,US_EDT_Only,17-21
28260312.0,968820024,LONDON,XAUUSD+,BUY,0.1,2026-03-12 08:21:00,8,2026-03-12 08:21:10,5143.24,5143.83,5.9,US_EDT_Only,17-21
28260313.0,968820025,NY,XAUUSD+,BUY,0.01,2026-03-12 08:21:00,8,2026-03-12 08:21:13,5143.24,5144.25,1.01,US_EDT_Only,17-21
28260332.0,968825548,LONDON,XAUUSD+,BUY,0.1,2026-03-12 08:23:00,8,2026-03-12 08:23:31,5145.02,5145.43,4.1,US_EDT_Only,17-21
28260322.0,968872029,LONDON,XAUUSD+,SELL,0.1,2026-03-12 08:33:00,8,2026-03-12 08:33:06,5147.02,5146.51,5.1,US_EDT_Only,17-21
28260332.0,968875039,LONDON,XAUUSD+,SELL,0.1,2026-03-12 08:34:00,8,2026-03-12 08:39:52,5147.4,5148.66,-12.6,US_EDT_Only,17-21
28260312.0,968881480,LONDON,XAUUSD+,SELL,0.1,2026-03-12 08:35:00,8,2026-03-12 08:39:52,5147.28,5148.63,-13.5,US_EDT_Only,17-21
28260332.0,968890236,LONDON,XAUUSD+,SELL,0.1,2026-03-12 08:37:24,8,2026-03-12 08:39:52,5151.22,5148.66,25.6,US_EDT_Only,17-21
28260312.0,968890237,LONDON,XAUUSD+,SELL,0.1,2026-03-12 08:37:24,8,2026-03-12 08:39:52,5151.22,5148.66,25.6,US_EDT_Only,17-21
28260310.0,968906909,LONDON,XAUUSD+,SELL,0.01,2026-03-12 08:41:00,8,2026-03-12 08:41:01,5152.55,5152.53,0.02,US_EDT_Only,17-21
28260312.0,968906911,LONDON,XAUUSD+,SELL,0.01,2026-03-12 08:41:00,8,2026-03-12 08:45:38,5152.55,5155.26,-2.71,US_EDT_Only,17-21
28260312.0,968925720,LONDON,XAUUSD+,SELL,0.1,2026-03-12 08:45:32,8,2026-03-12 08:45:38,5156.1,5155.26,8.4,US_EDT_Only,17-21
28260332.0,969010726,LONDON,XAUUSD+,BUY,0.1,2026-03-12 09:12:00,9,2026-03-12 09:12:33,5153.35,5153.69,3.4,US_EDT_Only,17-21
28260332.0,969016362,LONDON,XAUUSD+,SELL,0.1,2026-03-12 09:13:33,9,2026-03-12 09:13:55,5155.6,5155.23,3.7,US_EDT_Only,17-21
